Release	Date	%+-YD	%+-LW	Days	google trends	Avg TD	Avg YD	Weekly	Weekly %+-YD	Weekly %+-LW	Avg Theatre	Avg per Theatre Avg	Avg To Date	Y	Week + 1
The Trip to Greece	2020-05-18	-38.5	0.0	6.0	1.23	1.1428571428571428	0.7142857142857143	1110.0	-38.5	0.0	1.2857142857142858	52.714285714285715	344.28571428571433	2020-05-25	513.0
The Wretched	2020-05-18	378.3	472.3	110.0	2.38	0.7142857142857143	0.7142857142857143	246813.0	378.3	472.3	31.285714285714285	730.8571428571429	319966.71428571426	2020-05-25	254014.0
How to Build a Girl	2020-05-18	-127.1	-32.30000000000004	75.0	0.49	1.5714285714285714	1.5714285714285714	8929.0	-127.1	-32.30000000000004	3.8571428571428568	177.85714285714286	48072.0	2020-05-25	332.0
First Lady	2020-05-18	0.0	35.7	98.0	0.9523809523809524	0.42857142857142855	0.0	19.0	0.0	35.7	0.14285714285714285	2.7142857142857144	13328.285714285714	2020-05-25	0.0
How to Build a Girl	2020-05-25	93.00000000000004	-659.8	147.0	0.52	3.4285714285714284	3.1428571428571432	332.0	93.00000000000004	-659.8	3.0	15.285714285714285	68852.42857142858	2020-06-01	374.0
The Burnt Orange Heresy	2020-05-25	0.0	0.0	81.0	0.0	0.8571428571428571	0.0	10.0	0.0	0.0	0.14285714285714285	1.4285714285714286	5697.571428571428	2020-06-01	0.0
Max Winslow and the House of Secrets	2020-05-25	19.4	0.0	6.0	0.0	0.8571428571428571	0.5714285714285714	425.0	19.4	0.0	0.42857142857142855	60.714285714285715	117.71428571428572	2020-06-01	2000.0
The Wretched	2020-05-25	112.6	84.0	196.0	3.92	1.0	1.0	254014.0	112.6	84.0	65.85714285714286	523.7142857142857	697051.1428571428	2020-06-01	249791.0
The Gentlemen	2020-05-25	-100.0	0.0	384.0	5.94871794871795	2.142857142857143	1.4285714285714286	15.0	-100.0	0.0	0.42857142857142855	2.142857142857143	15555908.142857146	2020-06-01	608.0
Circles	2020-05-25	0.0	0.0	11.0	5.238095238095238	0.42857142857142855	0.0	246.0	0.0	0.0	0.2857142857142857	17.571428571428573	1117.5714285714287	2020-06-01	0.0
The Trip to Greece	2020-05-25	42.90000000000001	-229.7	49.0	1.23	3.0	3.0	513.0	42.90000000000001	-229.7	3.0	24.142857142857146	1408.7142857142858	2020-06-01	684.0
Strike	2020-05-25	0.0	0.0	60.0	10.582010582010588	0.2857142857142857	0.0	1345.0	0.0	0.0	0.2857142857142857	96.0	1180.142857142857	2020-06-01	0.0
How to Build a Girl	2020-06-01	417.7000000000001	244.0	196.0	0.42	4.714285714285714	4.571428571428571	374.0	417.7000000000001	244.0	3.4285714285714284	15.0	69175.85714285714	2020-06-08	875.0
The Gentlemen	2020-06-01	5.800000000000002	1506.7	931.0	10.717948717948717	4.571428571428571	4.714285714285714	608.0	5.800000000000002	1506.7	1.8571428571428568	28.714285714285715	36297298.14285714	2020-06-08	2554.0
The Trip to Greece	2020-06-01	34.60000000000001	436.4	98.0	0.67	4.0	3.571428571428572	684.0	34.60000000000001	436.4	3.4285714285714284	28.0	1996.7142857142856	2020-06-08	2161.0
Becky	2020-06-01	-13.700000000000005	0.0	6.0	22.614780679296807	0.5714285714285714	0.2857142857142857	209394.0	-13.700000000000005	0.0	19.285714285714285	664.7142857142858	62758.285714285725	2020-06-08	290191.0
Max Winslow and the House of Secrets	2020-06-01	206.4	641.7	49.0	0.057408	2.4285714285714284	2.2857142857142856	2000.0	206.4	641.7	4.857142857142857	55.714285714285715	1392.142857142857	2020-06-08	3683.0
The Wretched	2020-06-01	241.79999999999995	-72.99999999999997	245.0	4.0	1.2857142857142858	1.2857142857142858	249791.0	241.79999999999995	-72.99999999999997	85.28571428571429	383.57142857142856	951091.0	2020-06-08	254840.0
Infamous	2020-06-08	-34.3	0.0	6.0	8.968253968253967	1.0	0.5714285714285714	160371.0	-34.3	0.0	24.857142857142854	394.8571428571428	49813.428571428565	2020-06-15	150365.0
The Gentlemen	2020-06-08	338.9000000000001	751.0999999999998	980.0	10.205128205128208	5.0	5.0	2554.0	338.9000000000001	751.0999999999998	4.714285714285714	65.0	36298575.14285714	2020-06-15	4421.0
The Trip to Greece	2020-06-08	3901.4	1404.1	147.0	0.55	5.428571428571429	5.428571428571429	2161.0	3901.4	1404.1	3.571428571428572	100.14285714285714	3229.714285714286	2020-06-15	894.0
The Wretched	2020-06-08	40.0	363.7	294.0	2.8	1.8571428571428568	1.8571428571428568	254840.0	40.0	363.7	99.0	367.1428571428572	1240820.857142857	2020-06-15	167994.0
How to Build a Girl	2020-06-08	9143.2	1817.7	134.0	0.18000000000000002	2.7142857142857144	3.0	875.0	9143.2	1817.7	2.2857142857142856	31.0	39863.28571428572	2020-06-15	0.0
Becky	2020-06-08	117.1	-18.200000000000006	49.0	41.218637992831546	1.7142857142857142	1.7142857142857142	290191.0	117.1	-18.200000000000006	48.85714285714285	814.4285714285713	341512.14285714284	2020-06-15	166455.0
Max Winslow and the House of Secrets	2020-06-08	182.8	717.4000000000002	98.0	0.07737600000000001	4.142857142857143	3.8571428571428568	3683.0	182.8	717.4000000000002	8.285714285714286	60.28571428571429	4109.428571428572	2020-06-15	4530.0
Unsubscribe	2020-06-08	0.0	0.0	1.0	1.1538461538461535	0.14285714285714285	0.0	25488.0	0.0	0.0	0.14285714285714285	3641.142857142857	3641.142857142857	2020-06-15	0.0
Babyteeth	2020-06-15	-29.4	0.0	6.0	1.58	2.8571428571428568	1.8571428571428568	2487.0	-29.4	0.0	5.142857142857143	29.285714285714285	766.2857142857142	2020-06-22	1296.0
Becky	2020-06-15	-26.7	-198.7	98.0	35.24492234169654	2.142857142857143	2.142857142857143	166455.0	-26.7	-198.7	38.0	779.7142857142858	592151.7142857143	2020-06-22	171056.0
Max Winslow and the House of Secrets	2020-06-15	62.6	209.0	147.0	0.12979200000000002	5.428571428571429	5.285714285714286	4530.0	62.6	209.0	10.428571428571429	60.57142857142857	8225.857142857143	2020-06-22	7252.0
The Gentlemen	2020-06-15	59.10000000000001	2474.600000000001	1029.0	9.307692307692307	6.0	5.428571428571429	4421.0	59.10000000000001	2474.600000000001	6.142857142857142	99.57142857142857	36303317.71428572	2020-06-22	4138.0
The Wretched	2020-06-15	-37.3	-181.5	343.0	2.2	2.4285714285714284	2.0	167994.0	-37.3	-181.5	99.85714285714286	239.85714285714286	1467631.0	2020-06-22	83035.0
Followed	2020-06-15	-42.5	0.0	6.0	7.3809523809523805	0.42857142857142855	0.2857142857142857	152825.0	-42.5	0.0	18.714285714285715	501.0	47854.714285714275	2020-06-22	174430.0
Miss Juneteenth	2020-06-15	-80.5	0.0	6.0	1.87	2.142857142857143	1.4285714285714286	20946.0	-80.5	0.0	2.571428571428572	498.57142857142856	6942.142857142857	2020-06-22	24346.0
Infamous	2020-06-15	55.699999999999974	-126.6	49.0	11.746031746031747	2.7142857142857144	2.7142857142857144	150365.0	55.699999999999974	-126.6	49.0	502.57142857142856	233495.2857142857	2020-06-22	81996.0
The Trip to Greece	2020-06-15	53.60000000000001	3219.6	106.0	0.23	3.2857142857142856	3.4285714285714284	894.0	53.60000000000001	3219.6	1.7142857142857142	42.42857142857143	2884.142857142857	2020-06-22	0.0
Max Winslow and the House of Secrets	2020-06-22	805.1	288.9	196.0	0.1248	6.2857142857142865	6.2857142857142865	7252.0	805.1	288.9	13.142857142857142	69.85714285714286	13562.714285714286	2020-06-29	8135.0
Becky	2020-06-22	65.3	56.3	147.0	33.87950162143711	1.7142857142857142	1.8571428571428568	171056.0	65.3	56.3	19.571428571428573	1253.857142857143	760483.1428571428	2020-06-29	83420.0
Miss Juneteenth	2020-06-22	364.1	0.6000000000000014	49.0	0.99	5.0	5.0	24346.0	364.1	0.6000000000000014	8.142857142857142	387.8571428571428	30846.285714285717	2020-06-29	24932.0
Infamous	2020-06-22	23.0	-223.0	98.0	9.523809523809527	3.571428571428572	3.571428571428572	81996.0	23.0	-223.0	25.0	755.5714285714287	356403.5714285714	2020-06-29	34675.0
Babyteeth	2020-06-22	170.60000000000005	0.0	22.0	0.93	4.0	4.0	1296.0	170.60000000000005	0.0	6.857142857142858	15.142857142857142	1841.0	2020-06-29	0.0
The Gentlemen	2020-06-22	318.9000000000001	330.2999999999999	1078.0	9.564102564102564	7.2857142857142865	7.428571428571429	4138.0	318.9000000000001	330.2999999999999	6.2857142857142865	83.28571428571429	36306355.42857143	2020-06-29	4873.0
Followed	2020-06-22	-6.800000000000002	-129.2	49.0	17.301587301587304	1.2857142857142858	1.1428571428571428	174430.0	-6.800000000000002	-129.2	34.285714285714285	745.8571428571429	250563.85714285716	2020-06-29	95951.0
The Wretched	2020-06-22	-13.400000000000002	-335.49999999999994	392.0	1.96	3.4285714285714284	3.4285714285714284	83035.0	-13.400000000000002	-335.49999999999994	99.28571428571428	119.28571428571428	1585828.5714285714	2020-06-29	59610.0
Followed	2020-06-29	-87.20000000000002	-304.7	98.0	15.476190476190482	2.142857142857143	1.8571428571428568	95951.0	-87.20000000000002	-304.7	62.0	288.85714285714283	391030.1428571429	2020-07-06	46830.0
Max Winslow and the House of Secrets	2020-06-29	677.5	336.1	245.0	0.09984	6.428571428571429	6.428571428571429	8135.0	677.5	336.1	10.714285714285714	137.85714285714286	21747.14285714286	2020-07-06	5227.0
Infamous	2020-06-29	-149.2	-398.5	147.0	8.333333333333336	5.7142857142857135	4.857142857142857	34675.0	-149.2	-398.5	6.857142857142858	598.8571428571429	417940.7142857143	2020-07-06	1741.0
The Wretched	2020-06-29	-6.5	-190.9	441.0	1.7300000000000002	3.2857142857142856	3.4285714285714284	59610.0	-6.5	-190.9	82.0	108.0	1659596.5714285714	2020-07-06	27175.0
The Gentlemen	2020-06-29	331.7	375.7	1127.0	10.358974358974358	6.7142857142857135	6.7142857142857135	4873.0	331.7	375.7	10.142857142857142	65.71428571428571	36311203.85714286	2020-07-06	5853.0
Relic	2020-06-29	-38.9	0.0	6.0	6.1904761904761925	0.42857142857142855	0.2857142857142857	192352.0	-38.9	0.0	29.57142857142857	398.0	60584.714285714275	2020-07-06	348718.0
Miss Juneteenth	2020-06-29	12.000000000000002	493.8	98.0	0.41	5.0	5.0	24932.0	12.000000000000002	493.8	8.857142857142858	452.0	58922.857142857145	2020-07-06	16123.0
Becky	2020-06-29	-64.89999999999999	-343.1	196.0	35.24492234169653	2.0	1.8571428571428568	83420.0	-64.89999999999999	-343.1	17.428571428571427	687.0	890408.1428571428	2020-07-06	27649.0
The Truth	2020-06-29	-17.8	0.0	6.0	17.3015873015873	3.571428571428572	2.4285714285714284	2200.0	-17.8	0.0	4.285714285714286	31.285714285714285	652.0	2020-07-06	577.0
The Lodge	2020-07-06	-23.3	0.0	468.0	9.761904761904765	1.0	0.7142857142857143	58217.0	-23.3	0.0	3.4285714285714284	1039.4285714285713	909254.7142857143	2020-07-13	0.0
The Truth	2020-07-06	141.7	0.0	22.0	20.95238095238096	5.0	5.0	577.0	141.7	0.0	5.7142857142857135	7.857142857142858	1418.0	2020-07-13	0.0
The Gentlemen	2020-07-06	495.3	81.9	1176.0	9.615384615384617	7.571428571428571	7.428571428571429	5853.0	495.3	81.9	15.571428571428573	48.57142857142857	36316144.42857143	2020-07-13	9213.0
Max Winslow and the House of Secrets	2020-07-06	190.7	1071.6	162.0	0.011231999999999999	3.2857142857142856	3.1428571428571432	5227.0	190.7	1071.6	3.8571428571428568	107.42857142857143	16685.714285714286	2020-07-13	0.0
Followed	2020-07-06	56.50000000000001	-208.3	147.0	16.825396825396822	3.0	3.0	46830.0	56.50000000000001	-208.3	94.28571428571428	69.42857142857143	446169.5714285714	2020-07-13	43269.0
Infamous	2020-07-06	-40.8	-375.4	106.0	4.206349206349207	4.428571428571429	4.428571428571429	1741.0	-40.8	-375.4	2.2857142857142856	62.0	244980.0	2020-07-13	0.0
Miss Juneteenth	2020-07-06	74.00000000000001	-208.00000000000003	147.0	0.27	5.7142857142857135	5.428571428571429	16123.0	74.00000000000001	-208.00000000000003	6.428571428571429	349.8571428571428	78113.42857142858	2020-07-13	6002.0
The Wretched	2020-07-06	-49.9	-375.30000000000007	490.0	1.28	4.571428571428571	4.142857142857143	27175.0	-49.9	-375.30000000000007	54.28571428571429	74.42857142857143	1699876.4285714286	2020-07-13	19113.0
Becky	2020-07-06	113.9	-440.1	245.0	36.35432667690733	4.428571428571429	4.0	27649.0	113.9	-440.1	7.857142857142858	494.0	937931.5714285716	2020-07-13	8375.0
Relic	2020-07-06	24.10000000000001	27.4	49.0	23.333333333333336	1.0	1.0	348718.0	24.10000000000001	27.4	93.42857142857143	538.1428571428571	369976.0	2020-07-13	271172.0
Archive	2020-07-06	-50.8	0.0	6.0	23.62055933484505	1.1428571428571428	0.7142857142857143	52642.0	-50.8	0.0	11.142857142857142	289.0	16510.714285714286	2020-07-13	66032.0
Miss Juneteenth	2020-07-13	27.099999999999994	-4.899999999999999	106.0	0.12	2.7142857142857144	3.1428571428571432	6002.0	27.099999999999994	-4.899999999999999	4.0	122.28571428571428	51429.714285714275	2020-07-20	0.0
Human Capital	2020-07-13	1815.2	0.0	6.0	1.4631578947368422	2.7142857142857144	1.7142857142857142	4331.0	1815.2	0.0	5.142857142857143	51.42857142857143	1211.0	2020-07-20	2265.0
The Gentlemen	2020-07-13	380.5	744.2	1225.0	11.82051282051282	6.2857142857142865	6.571428571428571	9213.0	380.5	744.2	25.0	47.85714285714285	36323841.14285714	2020-07-20	10644.0
Becky	2020-07-13	-39.2	-143.5	132.0	15.190305512886159	2.2857142857142856	1.5714285714285714	8375.0	-39.2	-143.5	6.428571428571429	79.71428571428571	410887.85714285716	2020-07-20	6906.0
Followed	2020-07-13	142.89999999999995	-70.1	196.0	15.952380952380956	3.0	3.1428571428571432	43269.0	142.89999999999995	-70.1	89.2857142857143	74.28571428571429	491496.85714285716	2020-07-20	20515.0
The Wretched	2020-07-13	49.7	-198.9	539.0	1.63	4.142857142857143	4.428571428571429	19113.0	49.7	-198.9	39.714285714285715	71.71428571428571	1723378.0	2020-07-20	36410.0
Archive	2020-07-13	40.7	-74.89999999999998	49.0	55.55555555555557	2.0	2.142857142857143	66032.0	40.7	-74.89999999999998	22.57142857142857	457.1428571428572	85922.71428571429	2020-07-20	20919.0
Relic	2020-07-13	42.8	-168.79999999999995	98.0	24.523809523809533	1.0	1.0	271172.0	42.8	-168.79999999999995	129.0	297.42857142857144	674887.8571428572	2020-07-20	152883.0
Bump Kowalski and the Ten Commandments	2020-07-13	0.0	0.0	1.0	0.0	0.8571428571428571	0.0	1440.0	0.0	0.0	0.14285714285714285	205.7142857142857	205.7142857142857	2020-07-20	459.0
Relic	2020-07-20	-75.30000000000003	-247.0	147.0	18.80952380952381	1.8571428571428568	1.5714285714285714	152883.0	-75.30000000000003	-247.0	112.42857142857143	201.7142857142857	902557.2857142857	2020-07-27	36491.0
The Rental	2020-07-20	-52.6	0.0	6.0	22.156084656084666	0.42857142857142855	0.2857142857142857	403852.0	-52.6	0.0	107.14285714285714	230.57142857142856	127412.85714285714	2020-07-27	484931.0
Followed	2020-07-20	-120.0	-256.4	245.0	17.142857142857142	4.714285714285714	4.142857142857143	20515.0	-120.0	-256.4	54.85714285714285	58.57142857142857	526556.2857142857	2020-07-27	2976.0
Becky	2020-07-20	70.1	-29.099999999999994	153.0	15.873015873015875	2.4285714285714284	1.7142857142857142	6906.0	70.1	-29.099999999999994	5.142857142857143	82.0	410528.0	2020-07-27	3997.0
The Gentlemen	2020-07-20	226.7	319.7	1274.0	10.435897435897436	5.7142857142857135	5.7142857142857135	10644.0	226.7	319.7	31.285714285714285	49.714285714285715	36333847.571428575	2020-07-27	9035.0
Bump Kowalski and the Ten Commandments	2020-07-20	0.0	-68.1	8.0	0.0	1.0	0.0	459.0	0.0	-68.1	0.14285714285714285	65.57142857142857	271.2857142857143	2020-07-27	0.0
The Wretched	2020-07-20	164.1	721.0999999999998	588.0	1.82	3.4285714285714284	3.4285714285714284	36410.0	164.1	721.0999999999998	29.714285714285715	188.28571428571428	1750304.2857142857	2020-07-27	22947.0
Human Capital	2020-07-20	243.2	0.0	22.0	2.336842105263158	3.1428571428571432	3.2857142857142856	2265.0	243.2	0.0	6.857142857142858	26.714285714285715	3394.4285714285716	2020-07-27	0.0
Archive	2020-07-20	-35.59999999999999	-91.8	50.0	32.50188964474681	1.4285714285714286	1.2857142857142858	20919.0	-35.59999999999999	-91.8	10.285714285714286	165.71428571428572	75319.57142857142	2020-07-27	0.0
The Big Ugly	2020-07-20	-41.0	0.0	6.0	1.82	0.8571428571428571	0.5714285714285714	152598.0	-41.0	0.0	29.142857142857146	320.2857142857143	47302.428571428565	2020-07-27	176096.0
She Dies Tomorrow	2020-07-27	-40.9	0.0	6.0	0.76	1.2857142857142858	0.8571428571428571	84659.0	-40.9	0.0	10.285714285714286	503.8571428571428	26021.571428571428	2020-08-03	74657.0
The Wretched	2020-07-27	66.80000000000001	-192.1	637.0	1.85	4.571428571428571	4.285714285714286	22947.0	66.80000000000001	-192.1	23.142857142857146	143.71428571428572	1780091.4285714286	2020-08-03	9036.0
What We Found	2020-07-27	82.39999999999998	0.0	6.0	0.44	4.0	2.7142857142857144	2720.0	82.39999999999998	0.0	3.4285714285714284	48.42857142857143	721.4285714285713	2020-08-03	2739.0
The Big Ugly	2020-07-27	4.5	-100.6	49.0	2.0700000000000003	2.0	2.0	176096.0	4.5	-100.6	65.42857142857143	389.57142857142856	242257.1428571429	2020-08-03	117546.0
The Gentlemen	2020-07-27	214.0	-75.1	1323.0	9.153846153846152	5.857142857142858	5.7142857142857135	9035.0	214.0	-75.1	32.0	38.57142857142857	36343632.571428575	2020-08-03	8233.0
Becky	2020-07-27	7.300000000000002	-52.2	174.0	14.848950332821305	3.4285714285714284	2.2857142857142856	3997.0	7.300000000000002	-52.2	5.142857142857143	47.42857142857143	414753.85714285716	2020-08-03	2903.0
Followed	2020-07-27	758.1	-548.7	294.0	16.269841269841272	7.571428571428571	7.142857142857142	2976.0	758.1	-548.7	6.2857142857142865	70.14285714285714	534803.7142857143	2020-08-03	1290.0
Relic	2020-07-27	-110.4	-533.1	196.0	16.34920634920635	4.142857142857143	3.8571428571428568	36491.0	-110.4	-533.1	64.0	82.42857142857143	989847.7142857143	2020-08-03	19049.0
The Rental	2020-07-27	33.30000000000001	-78.8	49.0	37.119708994709	1.0	1.0	484931.0	33.30000000000001	-78.8	246.57142857142856	282.14285714285717	643618.8571428572	2020-08-03	305067.0
Summerland	2020-07-27	-56.9	0.0	6.0	3.4939759036144578	1.7142857142857142	1.1428571428571428	28881.0	-56.9	0.0	42.42857142857143	41.42857142857143	9138.142857142857	2020-08-03	15889.0
The Big Ugly	2020-08-03	50.30000000000001	-236.1	98.0	1.1900000000000002	2.2857142857142856	2.2857142857142856	117546.0	50.30000000000001	-236.1	50.85714285714285	389.71428571428567	386142.4285714286	2020-08-10	56148.0
She Dies Tomorrow	2020-08-03	-7.800000000000012	-168.4	49.0	3.29	3.1428571428571432	3.0	74657.0	-7.800000000000012	-168.4	18.428571428571427	708.7142857142858	122744.85714285714	2020-08-10	0.0
Relic	2020-08-03	359.99999999999994	-185.3	245.0	14.206349206349211	5.7142857142857135	5.7142857142857135	19049.0	359.99999999999994	-185.3	33.857142857142854	84.28571428571429	1010659.2857142857	2020-08-10	17724.0
Juvenile Delinquents	2020-08-03	-28.0	0.0	468.0	0.0244608	2.7142857142857144	1.8571428571428568	11605.0	-28.0	0.0	1.5714285714285714	444.28571428571433	6246.714285714284	2020-08-10	11585.0
Made in Italy	2020-08-03	-28.3	0.0	6.0	6.046511627906978	1.7142857142857142	1.2857142857142858	33998.0	-28.3	0.0	47.57142857142857	43.57142857142857	10314.0	2020-08-10	39014.0
The Wretched	2020-08-03	-77.69999999999997	-353.3	686.0	1.86	7.2857142857142865	6.571428571428571	9036.0	-77.69999999999997	-353.3	19.428571428571427	64.28571428571429	1797517.4285714286	2020-08-10	5887.0
Summerland	2020-08-03	-67.9	-230.0	49.0	5.855421686746987	5.428571428571429	5.0	15889.0	-67.9	-230.0	85.71428571428571	26.714285714285715	38136.857142857145	2020-08-10	8052.0
The Gentlemen	2020-08-03	14.599999999999996	49.60000000000001	1372.0	8.153846153846152	7.428571428571429	7.2857142857142865	8233.0	14.599999999999996	49.60000000000001	36.857142857142854	31.42857142857143	36352798.571428575	2020-08-10	6848.0
The Tax Collector	2020-08-03	0.0	0.0	1.0	3.4920634920634925	0.14285714285714285	0.0	115000.0	0.0	0.0	18.428571428571427	127.28571428571428	16428.571428571428	2020-08-10	0.0
The Rental	2020-08-03	-38.6	-217.5	98.0	27.777777777777786	1.1428571428571428	1.1428571428571428	305067.0	-38.6	-217.5	214.57142857142856	209.42857142857144	1058188.142857143	2020-08-10	177437.0
Followed	2020-08-03	367.19999999999993	131.29999999999995	343.0	15.714285714285715	10.142857142857142	9.857142857142858	1290.0	367.19999999999993	131.29999999999995	6.0	30.285714285714285	537497.1428571428	2020-08-10	93.0
Becky	2020-08-03	0.7000000000000028	-84.5	195.0	13.398190817545654	4.285714285714286	3.0	2903.0	0.7000000000000028	-84.5	6.428571428571429	27.42857142857143	419064.2857142858	2020-08-10	1098.0
What We Found	2020-08-03	7.599999999999987	-127.2	49.0	2.42	9.571428571428571	9.428571428571429	2739.0	7.599999999999987	-127.2	7.571428571428571	52.57142857142857	4123.571428571428	2020-08-10	1302.0
Followed	2020-08-10	-101.9	-111.6	163.0	6.984126984126986	4.285714285714286	3.1428571428571432	93.0	-101.9	-111.6	1.4285714285714286	4.142857142857143	230636.42857142855	2020-08-17	0.0
Summerland	2020-08-10	-47.89999999999999	-344.2	98.0	4.819277108433735	7.0	6.7142857142857135	8052.0	-47.89999999999999	-344.2	47.42857142857143	29.285714285714285	49857.571428571435	2020-08-17	910.0
Made in Italy	2020-08-10	0.20000000000000284	-116.1	49.0	8.790697674418603	3.2857142857142856	3.2857142857142856	39014.0	0.20000000000000284	-116.1	106.71428571428572	52.42857142857143	54140.285714285725	2020-08-17	15065.0
The Bay of Silence	2020-08-10	34.40000000000001	0.0	6.0	1.42	4.428571428571429	3.0	1454.0	34.40000000000001	0.0	6.857142857142858	12.714285714285715	404.1428571428572	2020-08-17	487.0
The Big Ugly	2020-08-10	-85.60000000000002	-310.9	147.0	0.6799999999999999	2.571428571428572	2.2857142857142856	56148.0	-85.60000000000002	-310.9	26.57142857142857	361.28571428571433	479625.2857142858	2020-08-17	11719.0
The Wretched	2020-08-10	191.40000000000003	-257.7	735.0	3.22	8.428571428571429	8.285714285714286	5887.0	191.40000000000003	-257.7	12.142857142857142	61.42857142857143	1805129.8571428568	2020-08-17	0.0
The SpongeBob Movie: Sponge on the Run	2020-08-10	-34.1	0.0	6.0	0.7	0.42857142857142855	0.2857142857142857	865824.0	-34.1	0.0	128.57142857142858	412.0	262535.2857142857	2020-08-17	1226562.0
Juvenile Delinquents	2020-08-10	116.3	-112.9	1127.0	0.03756480000000001	6.428571428571429	6.428571428571429	11585.0	116.3	-112.9	1.8571428571428568	972.7142857142856	23617.142857142862	2020-08-17	5842.0
Becky	2020-08-10	-0.10000000000000142	-188.2	216.0	13.568868407578087	4.857142857142857	3.2857142857142856	1098.0	-0.10000000000000142	-188.2	4.285714285714286	15.571428571428573	430209.1428571429	2020-08-17	0.0
The Gentlemen	2020-08-10	254.00000000000003	-143.8	1421.0	8.025641025641027	7.857142857142858	7.857142857142858	6848.0	254.00000000000003	-143.8	38.0	25.42857142857143	36360117.0	2020-08-17	90979.0
What We Found	2020-08-10	152.5	-341.1	98.0	1.7	10.571428571428571	10.142857142857142	1302.0	152.5	-341.1	6.571428571428571	28.0	6162.428571428572	2020-08-17	215.0
The Rental	2020-08-10	6.20000000000001	-296.7	147.0	23.065476190476193	1.4285714285714286	1.2857142857142858	177437.0	6.20000000000001	-296.7	163.42857142857142	159.57142857142858	1289847.857142857	2020-08-17	137433.0
Relic	2020-08-10	-40.8	482.3	294.0	13.412698412698415	5.285714285714286	5.0	17724.0	-40.8	482.3	29.285714285714285	85.14285714285714	1032833.2857142857	2020-08-17	4103.0
Sputnik	2020-08-10	-32.5	0.0	6.0	18.89644746787605	2.142857142857143	1.4285714285714286	11024.0	-32.5	0.0	13.714285714285715	48.85714285714285	3354.857142857143	2020-08-17	3133.0
Made in Italy	2020-08-17	-26.099999999999994	-411.2	98.0	6.651162790697674	5.571428571428571	4.857142857142857	15065.0	-26.099999999999994	-411.2	73.57142857142857	36.142857142857146	81677.28571428571	2020-08-24	5800.0
The Big Ugly	2020-08-17	0.7000000000000028	-261.7	106.0	0.3	1.8571428571428568	2.0	11719.0	0.7000000000000028	-261.7	8.0	119.14285714285714	291071.71428571426	2020-08-24	0.0
Sputnik	2020-08-17	-29.9	0.0	22.0	20.408163265306133	4.0	3.571428571428572	3133.0	-29.9	0.0	18.285714285714285	13.714285714285715	7400.857142857143	2020-08-24	0.0
The SpongeBob Movie: Sponge on the Run	2020-08-17	11.90000000000001	-96.0	49.0	0.93	1.4285714285714286	1.2857142857142858	1226562.0	11.90000000000001	-96.0	311.14285714285717	561.2857142857143	1550795.4285714286	2020-08-24	876759.0
Relic	2020-08-17	-4.599999999999994	-263.2	190.0	7.301587301587302	3.571428571428572	3.571428571428572	4103.0	-4.599999999999994	-263.2	15.428571428571427	21.428571428571427	595506.7142857143	2020-08-24	0.0
Summerland	2020-08-17	-92.7	-334.7	78.0	2.3614457831325297	5.142857142857143	5.142857142857143	910.0	-92.7	-334.7	11.428571428571427	6.2857142857142865	30525.857142857138	2020-08-24	0.0
Tulsa	2020-08-17	-24.9	0.0	6.0	32.80633240950703	2.2857142857142856	1.7142857142857142	78392.0	-24.9	0.0	81.85714285714286	58.42857142857143	23414.857142857138	2020-08-24	80500.0
The Gentlemen	2020-08-17	2179.0	6040.8	1470.0	7.512820512820514	6.2857142857142865	6.571428571428571	90979.0	2179.0	6040.8	38.0	341.57142857142856	36393269.14285714	2020-08-24	17272.0
Juvenile Delinquents	2020-08-17	-70.69999999999997	-97.20000000000002	1006.0	0.056347200000000014	5.857142857142858	4.142857142857143	5842.0	-70.69999999999997	-97.20000000000002	0.8571428571428571	834.5714285714287	28483.42857142857	2020-08-24	1260.0
Words on Bathroom Walls	2020-08-17	-19.3	0.0	6.0	3.4799999999999995	1.2857142857142858	0.8571428571428571	432968.0	-19.3	0.0	396.0	66.71428571428571	129183.85714285714	2020-08-24	646438.0
The Bay of Silence	2020-08-17	21.70000000000001	0.0	22.0	0.92	5.7142857142857135	5.7142857142857135	487.0	21.70000000000001	0.0	9.142857142857142	4.142857142857143	1013.8571428571428	2020-08-24	0.0
What We Found	2020-08-17	-114.7	-229.3	78.0	0.99	6.2857142857142865	6.571428571428571	215.0	-114.7	-229.3	3.4285714285714284	4.857142857142857	3959.285714285714	2020-08-24	0.0
Unhinged	2020-08-17	-23.8	0.0	27.0	19.365079365079367	0.42857142857142855	0.2857142857142857	4000761.0	-23.8	0.0	781.2857142857142	313.42857142857144	1627281.8571428568	2020-08-24	3819220.0
The Rental	2020-08-17	135.39999999999998	-201.3	196.0	23.809523809523807	3.0	2.571428571428572	137433.0	135.39999999999998	-201.3	127.28571428571428	170.0	1437166.0	2020-08-24	50276.0
Tesla	2020-08-17	-27.2	0.0	6.0	173.2174351221971	3.0	2.0	42165.0	-27.2	0.0	46.28571428571429	55.42857142857143	12768.428571428569	2020-08-24	34098.0
The New Mutants	2020-08-24	-61.2	0.0	6.0	25.360335705163287	0.42857142857142855	0.2857142857142857	7037017.0	-61.2	0.0	1033.7142857142858	416.4285714285714	2245269.0	2020-08-31	4753312.0
The Eight Hundred	2020-08-24	-34.7	0.0	6.0	0.75	3.0	2.0	118161.0	-34.7	0.0	59.57142857142857	121.28571428571428	35876.28571428572	2020-08-31	132054.0
Tesla	2020-08-24	-39.40000000000001	-185.8	49.0	427.7945746199716	7.857142857142858	7.428571428571429	34098.0	-39.40000000000001	-185.8	99.0	49.57142857142857	60857.42857142857	2020-08-31	4732.0
Tulsa	2020-08-24	19.1	-125.4	49.0	78.73519778281684	5.7142857142857135	5.142857142857143	80500.0	19.1	-125.4	177.85714285714286	66.28571428571429	118957.85714285714	2020-08-31	41729.0
Juvenile Delinquents	2020-08-24	0.0	0.0	354.0	0.013104	3.7142857142857135	0.0	1260.0	0.0	0.0	0.2857142857142857	180.0	9700.57142857143	2020-08-31	0.0
Centigrade	2020-08-24	-72.5	0.0	6.0	3.4805194805194803	4.714285714285714	3.1428571428571432	6480.0	-72.5	0.0	12.0	32.857142857142854	2206.5714285714284	2020-08-31	3225.0
The Rental	2020-08-24	-59.0	-372.0	245.0	21.16402116402117	6.7142857142857135	6.142857142857142	50276.0	-59.0	-372.0	84.85714285714286	93.0	1538798.8571428568	2020-08-31	0.0
Words on Bathroom Walls	2020-08-24	159.3	9.3	49.0	4.746666666666666	3.8571428571428568	3.571428571428572	646438.0	159.3	9.3	1125.857142857143	75.85714285714286	722750.0	2020-08-31	455438.0
The Personal History of David Copperfield	2020-08-24	-34.2	0.0	6.0	1.76	2.0	1.1428571428571428	475800.0	-34.2	0.0	582.8571428571429	49.85714285714285	149621.2857142857	2020-08-31	515111.0
The SpongeBob Movie: Sponge on the Run	2020-08-24	40.49999999999999	-200.9	98.0	0.6799999999999999	3.4285714285714284	3.1428571428571432	876759.0	40.49999999999999	-200.9	320.85714285714283	390.71428571428567	2572071.8571428573	2020-08-31	345000.0
Bill & Ted Face the Music	2020-08-24	-46.5	0.0	6.0	2.45	1.2857142857142858	0.8571428571428571	1125007.0	-46.5	0.0	431.57142857142856	159.42857142857142	349494.2857142857	2020-08-31	1142565.0
The Gentlemen	2020-08-24	25.90000000000001	2589.7000000000007	862.0	4.0769230769230775	3.8571428571428568	3.8571428571428568	17272.0	25.90000000000001	2589.7000000000007	21.714285714285715	64.71428571428571	20836657.14285714	2020-08-31	0.0
Unhinged	2020-08-24	121.70000000000002	-106.2	98.0	23.41269841269841	1.4285714285714286	1.2857142857142858	3819220.0	121.70000000000002	-106.2	2040.7142857142856	254.14285714285717	6757880.571428573	2020-08-31	2598055.0
Made in Italy	2020-08-24	-9.6	-427.0	147.0	5.325581395348837	9.714285714285714	9.142857142857142	5800.0	-9.6	-427.0	28.0	35.57142857142857	91224.28571428572	2020-08-31	2011.0
Made in Italy	2020-08-31	-20.9	-137.3	106.0	2.697674418604651	5.857142857142858	6.142857142857142	2011.0	-20.9	-137.3	9.142857142857142	17.571428571428573	54345.285714285725	2020-09-07	0.0
Centigrade	2020-08-31	-21.699999999999992	0.0	22.0	2.7662337662337673	5.0	5.428571428571429	3225.0	-21.699999999999992	0.0	16.0	16.285714285714285	4891.571428571428	2020-09-07	0.0
Words on Bathroom Walls	2020-08-31	39.89999999999999	-142.1	98.0	3.4	5.142857142857143	5.0	455438.0	39.89999999999999	-142.1	1297.7142857142858	51.714285714285715	1297046.857142857	2020-09-07	407307.0
Tulsa	2020-08-31	143.8	-340.19999999999993	98.0	76.1106911900563	7.571428571428571	7.571428571428571	41729.0	143.8	-340.19999999999993	126.57142857142857	57.714285714285715	179281.7142857143	2020-09-07	42650.0
Bump Kowalski and the Ten Commandments	2020-08-31	0.0	0.0	50.0	0.0	1.4285714285714286	0.0	540.0	0.0	0.0	0.14285714285714285	77.14285714285714	348.42857142857144	2020-09-07	198.0
The Personal History of David Copperfield	2020-08-31	76.60000000000002	-77.4	49.0	2.06	4.571428571428571	4.714285714285714	515111.0	76.60000000000002	-77.4	1441.428571428571	49.28571428571429	713207.0	2020-09-07	414661.0
The Eight Hundred	2020-08-31	0.4000000000000004	-137.39999999999998	49.0	1.64	6.428571428571429	6.428571428571429	132054.0	0.4000000000000004	-137.39999999999998	109.42857142857143	171.71428571428572	191535.57142857145	2020-09-07	67253.0
The New Mutants	2020-08-31	55.19999999999999	-156.20000000000005	49.0	28.005838350665947	1.0	1.0	4753312.0	55.19999999999999	-156.20000000000005	2558.5714285714284	258.7142857142857	9245235.42857143	2020-09-07	3539243.0
Unhinged	2020-08-31	111.3	-220.50000000000003	147.0	19.682539682539687	2.0	2.0	2598055.0	111.3	-220.50000000000003	2361.428571428572	155.42857142857142	9956555.857142856	2020-09-07	2403341.0
Tesla	2020-08-31	-84.60000000000002	-294.6	50.0	392.3637356177039	4.714285714285714	4.857142857142857	4732.0	-84.60000000000002	-294.6	49.714285714285715	7.428571428571429	45380.571428571435	2020-09-07	0.0
My Brothers' Crossing	2020-08-31	-3.5	0.0	9.0	0.050232	3.7142857142857135	2.4285714285714284	19386.0	-3.5	0.0	31.285714285714285	37.714285714285715	5574.571428571428	2020-09-07	19994.0
Bill & Ted Face the Music	2020-08-31	88.80000000000004	-81.00000000000001	49.0	2.24	3.0	3.0	1142565.0	88.80000000000004	-81.00000000000001	983.8571428571428	167.85714285714286	1632204.2857142857	2020-09-07	539717.0
The SpongeBob Movie: Sponge on the Run	2020-08-31	36.8	-53.7	69.0	0.26	1.8571428571428568	1.2857142857142858	345000.0	36.8	-53.7	130.28571428571428	162.0	1366347.857142857	2020-09-07	225829.0
Rent-A-Pal	2020-09-07	-39.5	0.0	6.0	0.11731199999999999	4.714285714285714	3.1428571428571432	19650.0	-39.5	0.0	24.0	49.85714285714285	6137.0	2020-09-14	4498.0
Unhinged	2020-09-07	89.4	9.900000000000006	196.0	17.06349206349207	2.0	2.0	2403341.0	89.4	9.900000000000006	2386.142857142857	143.71428571428572	12633840.285714285	2020-09-14	1852498.0
Guest Artist	2020-09-07	0.0	0.0	60.0	0.011231999999999999	1.7142857142857142	0.0	144.0	0.0	0.0	0.14285714285714285	20.571428571428573	1367.5714285714287	2020-09-14	0.0
Bump Kowalski and the Ten Commandments	2020-09-07	0.0	0.0	62.0	0.0	1.8571428571428568	0.0	198.0	0.0	0.0	0.14285714285714285	28.285714285714285	376.71428571428567	2020-09-14	0.0
Words on Bathroom Walls	2020-09-07	55.9	-51.20000000000001	147.0	2.92	5.142857142857143	5.142857142857143	407307.0	55.9	-51.20000000000001	1097.2857142857142	54.0	1752856.1428571432	2020-09-14	246859.0
The Personal History of David Copperfield	2020-09-07	-18.899999999999984	-29.100000000000016	98.0	1.4300000000000002	5.142857142857143	4.857142857142857	414661.0	-18.899999999999984	-29.100000000000016	1401.2857142857142	42.857142857142854	1232665.142857143	2020-09-14	220681.0
Bill & Ted Face the Music	2020-09-07	-26.39999999999999	-322.4000000000001	98.0	1.24	3.571428571428572	3.2857142857142856	539717.0	-26.39999999999999	-322.4000000000001	890.4285714285713	88.2857142857143	2536969.1428571427	2020-09-14	310174.0
She Dies Tomorrow	2020-09-07	-40.0	0.0	132.0	0.18000000000000002	4.0	2.571428571428572	26914.0	-40.0	0.0	1.2857142857142858	1281.4285714285713	108360.85714285713	2020-09-14	39179.0
My Brothers' Crossing	2020-09-07	-23.499999999999986	-141.2	56.0	0.09216480000000002	9.571428571428571	9.142857142857142	19994.0	-23.499999999999986	-141.2	71.85714285714286	39.42857142857143	30543.714285714286	2020-09-14	9664.0
The New Mutants	2020-09-07	51.80000000000002	-161.0	98.0	19.978106185002748	1.0	1.0	3539243.0	51.80000000000002	-161.0	2732.5714285714284	185.14285714285717	13628574.285714285	2020-09-14	2220235.0
In the Life of Music	2020-09-07	0.0	0.0	25.0	0.0784	1.4285714285714286	0.0	253.0	0.0	0.0	0.14285714285714285	36.142857142857146	683.4285714285714	2020-09-14	0.0
The Broken Hearts Gallery	2020-09-07	-45.2	0.0	6.0	3.465753424657534	1.2857142857142858	0.8571428571428571	1126401.0	-45.2	0.0	946.7142857142856	72.57142857142857	350772.71428571426	2020-09-14	1282815.0
The Eight Hundred	2020-09-07	-52.80000000000001	-338.6	98.0	1.53	7.142857142857142	7.0	67253.0	-52.80000000000001	-338.6	89.42857142857143	110.71428571428572	291288.85714285716	2020-09-14	13811.0
The SpongeBob Movie: Sponge on the Run	2020-09-07	89.9	-107.6	90.0	0.23	2.4285714285714284	1.8571428571428568	225829.0	89.9	-107.6	114.42857142857143	120.42857142857143	1662609.8571428568	2020-09-14	272658.0
Tulsa	2020-09-07	186.0	50.90000000000001	147.0	73.48618459729575	8.0	7.857142857142858	42650.0	186.0	50.90000000000001	86.7142857142857	68.14285714285714	222584.1428571429	2020-09-14	48372.0
Killer Raccoons! 2! Dark Christmas in the Dark!	2020-09-07	0.0	0.0	39.0	0.0	1.5714285714285714	0.0	167.0	0.0	0.0	0.14285714285714285	23.857142857142854	1730.857142857143	2020-09-14	0.0
The Burnt Orange Heresy	2020-09-07	0.0	0.0	186.0	0.05138823529411765	1.2857142857142858	0.0	430.0	0.0	0.0	1.0	8.714285714285714	20185.85714285714	2020-09-14	0.0
Bill & Ted Face the Music	2020-09-14	43.1	-284.2	147.0	1.23	4.714285714285714	4.428571428571429	310174.0	43.1	-284.2	721.2857142857142	65.42857142857143	2942743.2857142864	2020-09-21	152400.0
The Broken Hearts Gallery	2020-09-14	68.19999999999999	-83.5	49.0	5.479452054794519	3.2857142857142856	3.1428571428571432	1282815.0	68.19999999999999	-83.5	2214.1428571428573	82.0	1744167.4285714286	2020-09-21	860404.0
Words on Bathroom Walls	2020-09-14	36.89999999999999	-240.90000000000003	196.0	2.04	6.142857142857142	5.857142857142858	246859.0	36.89999999999999	-240.90000000000003	914.7142857142856	40.0	2063266.8571428568	2020-09-21	154109.0
My Brothers' Crossing	2020-09-14	1.7000000000000028	-350.7999999999999	105.0	0.039312	13.142857142857142	12.571428571428573	9664.0	1.7000000000000028	-350.7999999999999	64.14285714285714	22.142857142857146	44577.714285714275	2020-09-21	4915.0
She Dies Tomorrow	2020-09-14	157.29999999999995	-2.799999999999999	343.0	0.46	10.714285714285714	10.142857142857142	39179.0	157.29999999999995	-2.799999999999999	3.0	1865.2857142857144	278459.71428571426	2020-09-21	26350.0
Rent-A-Pal	2020-09-14	-53.89999999999999	0.0	22.0	0.061152	6.571428571428571	6.7142857142857135	4498.0	-53.89999999999999	0.0	32.0	11.285714285714285	12789.857142857143	2020-09-21	0.0
No Escape	2020-09-14	-55.8	0.0	6.0	3.803030303030303	4.285714285714286	2.7142857142857144	79182.0	-55.8	0.0	19.285714285714285	251.14285714285717	25240.857142857138	2020-09-21	48024.0
The Personal History of David Copperfield	2020-09-14	-40.7	-223.1	126.0	0.81	5.428571428571429	4.714285714285714	220681.0	-40.7	-223.1	947.1428571428572	29.0	1304015.2857142857	2020-09-21	130798.0
Tulsa	2020-09-14	488.6	60.50000000000001	196.0	85.29646426471825	10.714285714285714	10.285714285714286	48372.0	488.6	60.50000000000001	111.0	55.28571428571429	262089.42857142855	2020-09-21	51006.0
The Secrets We Keep	2020-09-14	130.5	0.0	15.0	2.04	6.0	4.714285714285714	112273.0	130.5	0.0	201.85714285714286	26.42857142857143	41264.71428571428	2020-09-21	69349.0
The New Mutants	2020-09-14	-35.3	-183.3	126.0	11.403028644407954	1.0	0.8571428571428571	2220235.0	-35.3	-183.3	2238.0	123.28571428571428	14059477.857142854	2020-09-21	1742824.0
The Eight Hundred	2020-09-14	-27.00000000000001	-241.6	78.0	0.86	4.857142857142857	4.857142857142857	13811.0	-27.00000000000001	-241.6	28.857142857142854	38.42857142857143	186482.57142857145	2020-09-21	0.0
The SpongeBob Movie: Sponge on the Run	2020-09-14	228.1	-21.7	245.0	0.43	6.0	5.857142857142858	272658.0	228.1	-21.7	264.42857142857144	148.0	4075803.857142857	2020-09-21	198932.0
The Nest	2020-09-14	-23.6	0.0	6.0	17.762660619803484	4.571428571428571	3.1428571428571432	65540.0	-23.6	0.0	129.0	31.0	19683.14285714286	2020-09-21	23666.0
Infidel	2020-09-14	-37.6	0.0	6.0	10.555555555555557	0.8571428571428571	0.5714285714285714	1384296.0	-37.6	0.0	738.8571428571429	114.57142857142857	423786.4285714286	2020-09-21	1306439.0
Foster Boy	2020-09-14	-29.0	0.0	6.0	0.050844444444444435	6.7142857142857135	4.571428571428571	5324.0	-29.0	0.0	0.42857142857142855	760.5714285714287	1652.571428571429	2020-09-21	12234.0
The Way I See It	2020-09-14	11.700000000000005	0.0	6.0	1.4285714285714288	5.857142857142858	4.0	25150.0	11.700000000000005	0.0	53.14285714285714	28.714285714285715	7229.285714285716	2020-09-21	19365.0
Unhinged	2020-09-14	133.5	-143.1	245.0	13.809523809523812	2.142857142857143	2.0	1852498.0	133.5	-143.1	2347.428571428572	112.71428571428572	14669113.714285715	2020-09-21	1461974.0
The Way I See It	2020-09-21	-40.300000000000026	-206.5	49.0	1.8253968253968256	16.142857142857142	15.285714285714285	19365.0	-40.300000000000026	-206.5	106.85714285714286	26.142857142857146	36370.71428571428	2020-09-28	4515.0
The Last Shift	2020-09-21	-47.2	0.0	6.0	1.99	3.0	2.0	246491.0	-47.2	0.0	373.28571428571433	40.142857142857146	76586.28571428571	2020-09-28	258907.0
The Nest	2020-09-21	-12.700000000000005	0.0	22.0	17.762660619803484	5.7142857142857135	5.857142857142858	23666.0	-12.700000000000005	0.0	172.0	11.0	45433.714285714275	2020-09-28	0.0
Dreaming Grand Avenue	2020-09-21	-16.099999999999998	0.0	6.0	0.0	9.857142857142858	6.571428571428571	876.0	-16.099999999999998	0.0	0.8571428571428571	62.42857142857143	2403.285714285714	2020-09-28	829.0
Unhinged	2020-09-21	96.2	-125.6	294.0	13.095238095238097	2.7142857142857144	2.8571428571428568	1461974.0	96.2	-125.6	2263.142857142857	93.14285714285714	16365460.857142854	2020-09-28	1222582.0
Draupadi Unleashed	2020-09-21	704.0	0.0	10.0	0.0463008	11.0	8.428571428571429	7343.0	704.0	0.0	8.571428571428571	69.71428571428571	1887.2857142857144	2020-09-28	768.0
Star Wars: Episode V - The Empire Strikes Back2020 Re-release	2020-09-21	-40.1	0.0	237.0	0.0	1.0	0.5714285714285714	908000.0	-40.1	0.0	898.7142857142858	61.714285714285715	713428.5714285716	2020-09-28	335000.0
The New Mutants	2020-09-21	100.59999999999998	-161.5	196.0	9.852216748768477	1.2857142857142858	1.2857142857142858	1742824.0	100.59999999999998	-161.5	2426.714285714286	104.42857142857143	18529402.57142857	2020-09-28	1471973.0
The Secrets We Keep	2020-09-21	35.50000000000001	-246.1	63.0	1.52	11.714285714285715	10.857142857142858	69349.0	35.50000000000001	-246.1	461.57142857142856	21.142857142857142	145780.2857142857	2020-09-28	22837.0
My Brothers' Crossing	2020-09-21	30.700000000000006	-213.6	134.0	0.0454272	15.857142857142858	12.714285714285715	4915.0	30.700000000000006	-213.6	30.0	36.0	44355.142857142855	2020-09-28	3317.0
Infidel	2020-09-21	31.8	-132.7	49.0	12.063492063492069	2.7142857142857144	2.4285714285714284	1306439.0	31.8	-132.7	1793.0	102.42857142857143	2040544.8571428568	2020-09-28	741680.0
Words on Bathroom Walls	2020-09-21	-2.8000000000000043	-238.0	245.0	1.346666666666667	8.428571428571429	8.0	154109.0	-2.8000000000000043	-238.0	664.1428571428571	36.142857142857146	2271162.714285714	2020-09-28	99931.0
Foster Boy	2020-09-21	787.7	270.6	49.0	0.3975111111111111	17.285714285714285	16.428571428571427	12234.0	787.7	270.6	7.0	412.57142857142856	10257.857142857143	2020-09-28	2305.0
The SpongeBob Movie: Sponge on the Run	2020-09-21	178.09999999999997	-151.1	294.0	0.48	8.714285714285714	8.142857142857142	198932.0	178.09999999999997	-151.1	256.2857142857143	112.0	4321045.714285715	2020-09-28	137208.0
No Escape	2020-09-21	39.1	-188.6	49.0	6.651515151515151	13.571428571428573	12.714285714285715	48024.0	39.1	-188.6	42.42857142857143	165.0	104108.14285714287	2020-09-28	18824.0
She Dies Tomorrow	2020-09-21	71.7	-160.5	392.0	0.36	15.714285714285715	14.857142857142858	26350.0	71.7	-160.5	2.571428571428572	1621.2857142857142	313086.0	2020-09-28	15190.0
Ava	2020-09-21	-48.3	0.0	6.0	46.10733182161758	4.0	2.571428571428572	170349.0	-48.3	0.0	95.14285714285714	109.42857142857143	53164.571428571435	2020-09-28	165711.0
The Broken Hearts Gallery	2020-09-21	29.800000000000008	-209.9	98.0	4.397260273972602	4.428571428571429	4.285714285714286	860404.0	29.800000000000008	-209.9	2186.714285714286	56.14285714285714	2836906.8571428573	2020-09-28	465117.0
Tulsa	2020-09-21	158.90000000000003	257.20000000000005	245.0	72.17393130091546	13.714285714285715	13.142857142857142	51006.0	158.90000000000003	257.20000000000005	143.14285714285714	49.0	313861.0	2020-09-28	37678.0
The Personal History of David Copperfield	2020-09-21	-36.8	-254.1	196.0	0.7000000000000001	9.428571428571429	8.285714285714286	130798.0	-36.8	-254.1	794.8571428571429	26.0	1727196.4285714286	2020-09-28	60467.0
On the Basis of Sex2020 Re-release	2020-09-21	-0.3000000000000007	0.0	6.0	0.0	5.571428571428571	3.8571428571428568	56210.0	-0.3000000000000007	0.0	355.28571428571433	9.571428571428571	16299.285714285714	2020-09-28	25940.0
Kajillionaire	2020-09-21	-48.3	0.0	6.0	2.7580645161290316	3.4285714285714284	2.2857142857142856	215675.0	-48.3	0.0	226.7142857142857	58.0	67170.71428571429	2020-09-28	193730.0
Shortcut	2020-09-21	-31.5	0.0	6.0	24.754346182917622	2.571428571428572	1.7142857142857142	279125.0	-31.5	0.0	310.7142857142857	55.0	85032.14285714286	2020-09-28	376070.0
Bill & Ted Face the Music	2020-09-21	-39.2	-320.3	196.0	1.37	8.285714285714286	7.428571428571429	152400.0	-39.2	-320.3	498.1428571428572	47.85714285714285	3201141.1428571427	2020-09-28	65935.0
Shortcut	2020-09-28	26.200000000000006	-74.19999999999997	49.0	58.578987150415756	6.2857142857142865	6.0	376070.0	26.200000000000006	-74.19999999999997	695.0	78.57142857142857	471743.5714285714	2020-10-05	103773.0
She Dies Tomorrow	2020-09-28	56.9	-281.9000000000001	441.0	0.25	18.428571428571427	18.285714285714285	15190.0	56.9	-281.9000000000001	1.5714285714285714	1767.7142857142858	333527.5714285714	2020-10-05	18968.0
Words on Bathroom Walls	2020-09-28	6.199999999999997	-248.1	294.0	1.4266666666666663	11.571428571428573	11.0	99931.0	6.199999999999997	-248.1	412.8571428571428	37.57142857142857	2394515.0	2020-10-05	60919.0
Ava	2020-09-28	107.7	-90.8	49.0	99.20634920634924	10.142857142857142	9.571428571428571	165711.0	107.7	-90.8	234.85714285714286	97.14285714285714	242563.57142857145	2020-10-05	86490.0
Foster Boy	2020-09-28	-132.0	-254.0	98.0	0.38672592592592603	21.428571428571427	20.857142857142858	2305.0	-132.0	-254.0	1.0	329.2857142857143	19275.14285714286	2020-10-05	10.0
The Personal History of David Copperfield	2020-09-28	8.900000000000006	-371.9	245.0	0.6300000000000001	14.428571428571427	14.142857142857142	60467.0	8.900000000000006	-371.9	414.71428571428567	23.57142857142857	1814874.0	2020-10-05	21712.0
Unhinged	2020-09-28	114.5	-134.2	343.0	11.349206349206352	2.4285714285714284	2.2857142857142856	1222582.0	114.5	-134.2	2113.8571428571427	83.85714285714286	17697337.285714287	2020-10-05	996172.0
The Last Shift	2020-09-28	5.999999999999992	-123.4	49.0	2.68	7.7142857142857135	7.2857142857142865	258907.0	5.999999999999992	-123.4	877.4285714285713	41.57142857142857	380963.2857142858	2020-10-05	102433.0
Hocus Pocus2020 Re-release	2020-09-28	-19.2	0.0	6.0	0.0	0.42857142857142855	0.2857142857142857	1925000.0	-19.2	0.0	1101.4285714285713	106.71428571428572	582142.8571428572	2020-10-05	1161000.0
Dreaming Grand Avenue	2020-09-28	191.3	-246.7	49.0	0.047174400000000005	22.714285714285715	22.57142857142857	829.0	191.3	-246.7	2.0	59.0	6371.714285714284	2020-10-05	101.0
Draupadi Unleashed	2020-09-28	-42.6	-21.5	26.0	0.0	12.0	11.428571428571427	768.0	-42.6	-21.5	8.571428571428571	7.0	4460.0	2020-10-05	0.0
Star Wars: Episode V - The Empire Strikes Back2020 Re-release	2020-09-28	17.9	-187.3	258.0	0.0	2.142857142857143	1.4285714285714286	335000.0	17.9	-187.3	717.8571428571429	28.285714285714285	920571.4285714284	2020-10-05	145000.0
Infidel	2020-09-28	36.80000000000001	-310.0	98.0	6.984126984126985	3.4285714285714284	3.4285714285714284	741680.0	36.80000000000001	-310.0	1845.142857142857	57.714285714285715	3049623.1428571427	2020-10-05	387576.0
A Call to Spy	2020-09-28	-59.3	0.0	6.0	1.13	7.2857142857142865	4.714285714285714	35098.0	-59.3	0.0	32.142857142857146	66.71428571428571	11170.142857142857	2020-10-05	44250.0
The Way I See It	2020-09-28	-6.400000000000002	-241.8	50.0	0.7142857142857143	10.0	10.142857142857142	4515.0	-6.400000000000002	-241.8	48.0	7.2857142857142865	26902.857142857138	2020-10-05	0.0
The New Mutants	2020-09-28	132.5	-134.4	245.0	8.939974457215836	1.4285714285714286	1.2857142857142858	1471973.0	132.5	-134.4	2240.285714285714	95.28571428571428	20124002.14285714	2020-10-05	1055664.0
The Call	2020-09-28	32.4	0.0	6.0	39.115646258503425	4.285714285714286	3.0	138237.0	32.4	0.0	83.57142857142857	101.0	39293.42857142857	2020-10-05	139081.0
Tulsa	2020-09-28	82.2	-118.9	294.0	74.79843789367601	16.428571428571427	16.0	37678.0	82.2	-118.9	139.42857142857142	40.285714285714285	361182.7142857143	2020-10-05	19676.0
Kajillionaire	2020-09-28	-4.399999999999999	-149.29999999999995	49.0	2.838709677419355	9.714285714285714	9.0	193730.0	-4.399999999999999	-149.29999999999995	536.7142857142857	50.85714285714285	316101.4285714286	2020-10-05	82645.0
Save Yourselves!	2020-09-28	-19.3	0.0	6.0	0.0	4.428571428571429	2.8571428571428568	142694.0	-19.3	0.0	166.28571428571428	52.28571428571429	42710.57142857143	2020-10-05	113701.0
The Broken Hearts Gallery	2020-09-28	25.20000000000001	-323.9000000000001	147.0	2.9726027397260277	4.857142857142857	4.714285714285714	465117.0	25.20000000000001	-323.9000000000001	2123.428571428572	30.857142857142854	3500262.7142857136	2020-10-05	214015.0
Bill & Ted Face the Music	2020-09-28	-38.6	-392.4	245.0	0.95	13.142857142857142	12.571428571428573	65935.0	-38.6	-392.4	290.42857142857144	34.714285714285715	3306743.0	2020-10-05	87855.0
Possessor	2020-09-28	-24.0	0.0	6.0	2.24	3.0	2.0	252664.0	-24.0	0.0	137.14285714285714	112.71428571428572	76810.85714285714	2020-10-05	264534.0
The SpongeBob Movie: Sponge on the Run	2020-09-28	270.8	-243.4	343.0	0.37	11.571428571428573	11.142857142857142	137208.0	270.8	-243.4	230.0	88.0	4490857.571428572	2020-10-05	75090.0
On the Basis of Sex2020 Re-release	2020-09-28	-57.0	0.0	22.0	0.0	7.428571428571429	7.2857142857142865	25940.0	-57.0	0.0	473.71428571428567	4.142857142857143	41437.142857142855	2020-10-05	0.0
My Brothers' Crossing	2020-09-28	99.0	-176.70000000000005	203.0	0.027081599999999997	21.571428571428577	21.428571428571427	3317.0	99.0	-176.70000000000005	12.428571428571427	44.0	56007.0	2020-10-05	1343.0
No Escape	2020-09-28	152.7	-413.1	98.0	4.621212121212121	18.285714285714285	17.857142857142858	18824.0	152.7	-413.1	43.714285714285715	58.85714285714285	135956.0	2020-10-05	10594.0
The Secrets We Keep	2020-09-28	-133.79999999999998	-404.5	112.0	0.6099999999999999	17.285714285714285	16.285714285714285	22837.0	-133.79999999999998	-404.5	449.0	6.7142857142857135	197342.1428571429	2020-10-05	2212.0
The SpongeBob Movie: Sponge on the Run	2020-10-05	127.3	-242.0	392.0	0.3	14.142857142857142	13.571428571428573	75090.0	127.3	-242.0	204.7142857142857	53.57142857142857	4607532.428571428	2020-10-12	69201.0
The Secrets We Keep	2020-10-05	-9.769962616701378e-15	-343.3	86.0	0.23	11.857142857142858	12.0	2212.0	-9.769962616701378e-15	-343.3	256.57142857142856	0.42857142857142855	117612.71428571428	2020-10-12	0.0
The New Mutants	2020-10-05	88.89999999999998	-168.4	294.0	7.845283707352674	2.142857142857143	2.0	1055664.0	88.89999999999998	-168.4	1943.571428571429	83.28571428571429	21431890.85714286	2020-10-12	712921.0
The Wolf of Snow Hollow	2020-10-05	-31.8	0.0	6.0	1.97	4.857142857142857	3.0	91943.0	-31.8	0.0	48.0	117.14285714285714	28152.42857142857	2020-10-12	76665.0
The War with Grandpa	2020-10-05	3.0999999999999943	0.0	6.0	3.873239436619718	0.42857142857142855	0.2857142857142857	3623880.0	3.0999999999999943	0.0	964.2857142857144	229.7142857142857	1055914.142857143	2020-10-12	3636975.0
The Broken Hearts Gallery	2020-10-05	-52.60000000000001	-341.7	196.0	1.8493150684931503	7.142857142857142	6.428571428571429	214015.0	-52.60000000000001	-341.7	913.5714285714287	541.0	3858101.4285714286	2020-10-12	60054.0
The Personal History of David Copperfield	2020-10-05	-118.1	-422.6	294.0	0.46	20.428571428571427	18.857142857142858	21712.0	-118.1	-422.6	202.7142857142857	17.142857142857142	1857727.8571428568	2020-10-12	8533.0
The Call	2020-10-05	47.4	-105.7	49.0	95.61602418745278	9.571428571428571	9.428571428571429	139081.0	47.4	-105.7	195.0	101.57142857142857	202503.57142857145	2020-10-12	88555.0
The Last Shift	2020-10-05	-101.9	-377.50000000000006	98.0	1.55	13.142857142857142	11.285714285714285	102433.0	-101.9	-377.50000000000006	619.4285714285714	23.714285714285715	575415.4285714285	2020-10-12	22022.0
No Escape	2020-10-05	90.9	-272.49999999999994	147.0	3.9393939393939386	22.857142857142854	22.0	10594.0	90.9	-272.49999999999994	45.714285714285715	35.0	150666.57142857142	2020-10-12	5910.0
She Dies Tomorrow	2020-10-05	213.8	95.9	490.0	0.32	21.142857142857142	20.714285714285715	18968.0	213.8	95.9	1.4285714285714286	1692.142857142857	349295.85714285716	2020-10-12	15482.0
Heaven	2020-10-05	9.200000000000003	0.0	22.0	53.86897710991529	9.714285714285714	7.2857142857142865	10935.0	9.200000000000003	0.0	138.28571428571428	6.2857142857142865	32136.285714285717	2020-10-12	18899.0
Unhinged	2020-10-05	118.9	-122.0	392.0	9.603174603174603	2.8571428571428568	2.7142857142857144	996172.0	118.9	-122.0	1845.142857142857	82.14285714285714	18821893.85714286	2020-10-12	661309.0
My Brothers' Crossing	2020-10-05	-115.9	-321.6	252.0	0.008736	24.57142857142857	23.857142857142854	1343.0	-115.9	-321.6	6.428571428571429	36.42857142857143	58562.285714285725	2020-10-12	306.0
Dreaming Grand Avenue	2020-10-05	-22.5	-248.6	58.0	0.010483200000000002	14.857142857142858	7.428571428571429	101.0	-22.5	-248.6	0.5714285714285714	14.428571428571427	3855.714285714286	2020-10-12	36.0
Pray: The Story of Patrick Peyton	2020-10-05	-18.6	0.0	6.0	0.0310128	9.0	6.142857142857142	24397.0	-18.6	0.0	18.714285714285715	79.42857142857143	7364.857142857143	2020-10-12	20385.0
Henchmen2020 Re-release	2020-10-05	2.5	0.0	6.0	0.0	8.571428571428571	5.857142857142858	30223.0	2.5	0.0	77.57142857142857	23.57142857142857	8805.857142857143	2020-10-12	17177.0
Coco	2020-10-05	-22.4	0.0	3162.0	127.28856974888727	1.8571428571428568	1.1428571428571428	603000.0	-22.4	0.0	813.8571428571429	45.14285714285714	90063292.14285715	2020-10-12	131000.0
Hocus Pocus2020 Re-release	2020-10-05	-11.6	-112.5	27.0	0.0	0.8571428571428571	0.5714285714285714	1161000.0	-11.6	-112.5	905.5714285714287	78.28571428571429	1166714.2857142857	2020-10-12	756000.0
Save Yourselves!	2020-10-05	-53.10000000000001	-193.8	49.0	0.0	10.571428571428571	10.0	113701.0	-53.10000000000001	-193.8	370.0	43.57142857142857	207291.7142857143	2020-10-12	39664.0
Possessor	2020-10-05	16.900000000000006	-119.8	49.0	2.58	6.142857142857142	5.857142857142858	264534.0	16.900000000000006	-119.8	312.7142857142857	121.42857142857143	387074.7142857143	2020-10-12	143954.0
Bill & Ted Face the Music	2020-10-05	377.1	210.6	294.0	0.73	13.571428571428573	14.285714285714285	87855.0	377.1	210.6	164.14285714285714	105.42857142857143	3370156.7142857136	2020-10-12	12352.0
Foster Boy	2020-10-05	-58.3	-98.1	18.0	0.020029629629629626	3.2857142857142856	3.571428571428572	10.0	-58.3	-98.1	0.14285714285714285	1.4285714285714286	2839.0	2020-10-12	0.0
Shortcut	2020-10-05	12.499999999999993	-502.30000000000007	98.0	55.74452003023435	11.428571428571427	10.571428571428571	103773.0	12.499999999999993	-502.30000000000007	254.0	58.714285714285715	709150.2857142857	2020-10-12	28879.0
Kajillionaire	2020-10-05	-43.3	-390.8	98.0	2.7096774193548385	13.142857142857142	12.428571428571427	82645.0	-43.3	-390.8	427.0	31.57142857142857	455403.5714285714	2020-10-12	31940.0
Ava	2020-10-05	-14.800000000000004	-247.2	98.0	98.4504913076342	13.0	12.571428571428573	86490.0	-14.800000000000004	-247.2	218.57142857142856	60.0	380947.85714285716	2020-10-12	39759.0
Star Wars: Episode V - The Empire Strikes Back2020 Re-release	2020-10-05	3.799999999999997	-169.10000000000005	279.0	0.0	3.7142857142857135	2.571428571428572	145000.0	3.799999999999997	-169.10000000000005	353.57142857142856	25.0	1009857.1428571428	2020-10-12	79000.0
Words on Bathroom Walls	2020-10-05	-42.5	-242.40000000000003	343.0	0.8400000000000001	16.142857142857142	15.285714285714285	60919.0	-42.5	-242.40000000000003	253.57142857142856	36.857142857142854	2478409.285714286	2020-10-12	22995.0
Yellow Rose	2020-10-05	1.2000000000000028	0.0	6.0	2.8829787234042548	3.2857142857142856	2.2857142857142856	150330.0	1.2000000000000028	0.0	385.71428571428567	23.714285714285715	52251.285714285725	2020-10-12	140059.0
Tulsa	2020-10-05	50.3	-305.4	343.0	70.8616780045352	20.714285714285715	19.857142857142858	19676.0	50.3	-305.4	104.14285714285714	27.857142857142854	391175.7142857143	2020-10-12	7685.0
Infidel	2020-10-05	-3.500000000000004	-304.2	147.0	5.000000000000002	4.285714285714286	4.0	387576.0	-3.500000000000004	-304.2	1435.0	44.57142857142857	3635775.7142857136	2020-10-12	150540.0
A Call to Spy	2020-10-05	145.8	-48.3	49.0	1.18	17.428571428571427	16.857142857142858	44250.0	145.8	-48.3	76.71428571428571	81.14285714285714	55793.142857142855	2020-10-12	23932.0
Heaven	2020-10-12	66.9	-54.7	98.0	92.79001816315252	21.857142857142854	18.571428571428573	18899.0	66.9	-54.7	144.85714285714286	28.714285714285715	95217.85714285713	2020-10-19	5019.0
Honest Thief	2020-10-12	-32.9	0.0	27.0	6.026315789473684	0.42857142857142855	0.2857142857142857	3607966.0	-32.9	0.0	1039.2857142857142	212.28571428571428	1175036.142857143	2020-10-19	3364941.0
Twiceborn	2020-10-12	38.4	0.0	6.0	0.025334400000000003	14.142857142857142	9.857142857142858	5217.0	38.4	0.0	3.0	106.28571428571428	1406.7142857142858	2020-10-19	4186.0
Henchmen2020 Re-release	2020-10-12	-4.70000000000001	-219.4	49.0	0.0	22.428571428571423	21.428571428571427	17177.0	-4.70000000000001	-219.4	140.71428571428572	19.857142857142858	39535.142857142855	2020-10-19	2276.0
The Wolf of Snow Hollow	2020-10-12	-74.6	-211.1	49.0	2.12	11.142857142857142	10.428571428571429	76665.0	-74.6	-211.1	102.14285714285714	106.0	139149.7142857143	2020-10-19	14632.0
Star Wars: Episode V - The Empire Strikes Back2020 Re-release	2020-10-12	-5.200000000000003	-137.10000000000002	300.0	0.0	5.0	3.1428571428571432	79000.0	-5.200000000000003	-137.10000000000002	205.7142857142857	23.285714285714285	1053142.857142857	2020-10-19	0.0
Infidel	2020-10-12	-40.1	-419.0	196.0	3.333333333333334	8.285714285714286	7.142857142857142	150540.0	-40.1	-419.0	749.8571428571429	33.142857142857146	3905325.857142857	2020-10-19	53317.0
The Kid Detective	2020-10-12	-1.3999999999999986	0.0	6.0	0.96	4.142857142857143	2.7142857142857144	140218.0	-1.3999999999999986	0.0	370.71428571428567	22.857142857142854	40908.71428571428	2020-10-19	162473.0
Hocus Pocus2020 Re-release	2020-10-12	-15.9	-108.5	48.0	0.0	1.7142857142857142	1.1428571428571428	756000.0	-15.9	-108.5	702.8571428571429	65.71428571428571	1550714.2857142857	2020-10-19	530000.0
Counter Column	2020-10-12	-50.6	0.0	6.0	0.0170352	13.0	8.428571428571429	6455.0	-50.6	0.0	0.8571428571428571	461.0	2336.714285714286	2020-10-19	5236.0
The War with Grandpa	2020-10-12	153.39999999999995	-94.3	49.0	4.647887323943662	1.4285714285714286	1.2857142857142858	3636975.0	153.39999999999995	-94.3	2254.285714285714	229.7142857142857	5296109.285714285	2020-10-19	2489361.0
The SpongeBob Movie: Sponge on the Run	2020-10-12	267.5	-23.900000000000013	441.0	0.4	15.0	15.142857142857142	69201.0	267.5	-23.900000000000013	165.28571428571428	67.42857142857143	4679842.0	2020-10-19	44521.0
Yellow Rose	2020-10-12	-17.099999999999998	-157.1	49.0	4.297872340425532	9.142857142857142	8.428571428571429	140059.0	-17.099999999999998	-157.1	900.0	21.571428571428577	247068.85714285716	2020-10-19	38979.0
A Call to Spy	2020-10-12	-42.7	-223.3	98.0	0.77	19.428571428571427	18.428571428571427	23932.0	-42.7	-223.3	64.0	59.42857142857143	92652.57142857145	2020-10-19	15944.0
Words on Bathroom Walls	2020-10-12	-62.69999999999999	-435.9	392.0	0.7333333333333333	20.142857142857142	19.142857142857142	22995.0	-62.69999999999999	-435.9	127.14285714285714	28.714285714285715	2519267.8571428573	2020-10-19	7085.0
Ava	2020-10-12	24.8	-391.0	147.0	86.1678004535148	15.714285714285715	15.0	39759.0	24.8	-391.0	129.0	61.42857142857143	442418.1428571429	2020-10-19	19452.0
The Personal History of David Copperfield	2020-10-12	59.90000000000001	-353.0	343.0	0.5	27.714285714285715	26.714285714285715	8533.0	59.90000000000001	-353.0	80.57142857142857	16.0	1869842.7142857143	2020-10-19	2273.0
The Last Shift	2020-10-12	-29.300000000000004	-492.19999999999993	147.0	0.62	20.285714285714285	19.714285714285715	22022.0	-29.300000000000004	-492.19999999999993	172.71428571428572	34.285714285714285	620683.8571428572	2020-10-19	10493.0
Bill & Ted Face the Music	2020-10-12	-79.7	-528.5	343.0	0.42	25.285714285714285	22.57142857142857	12352.0	-79.7	-528.5	79.14285714285714	28.0	3430410.1428571427	2020-10-19	3655.0
The Nightmare Before Christmas2020 Re-release	2020-10-12	-26.800000000000004	0.0	6.0	0.0	1.2857142857142858	0.8571428571428571	1323000.0	-26.800000000000004	0.0	940.2857142857144	85.85714285714286	402857.1428571429	2020-10-19	577000.0
The New Mutants	2020-10-12	84.19999999999997	-218.2	343.0	6.659368728334247	3.571428571428572	3.2857142857142856	712921.0	84.19999999999997	-218.2	1504.428571428571	72.42857142857143	22345794.42857143	2020-10-19	425312.0
Coco	2020-10-12	-8.700000000000003	-235.7	3183.0	122.03955656336616	4.285714285714286	2.7142857142857144	131000.0	-8.700000000000003	-235.7	332.14285714285717	24.0	90180149.28571428	2020-10-19	0.0
Kajillionaire	2020-10-12	-81.50000000000001	-423.39999999999986	147.0	4.516129032258065	16.571428571428573	15.714285714285715	31940.0	-81.50000000000001	-423.39999999999986	191.57142857142856	29.42857142857143	511313.5714285714	2020-10-19	7440.0
Dreaming Grand Avenue	2020-10-12	50.0	0.0	40.0	0.0091728	9.428571428571429	4.142857142857143	36.0	50.0	0.0	0.2857142857142857	5.142857142857143	1948.7142857142856	2020-10-19	964.0
Unhinged	2020-10-12	82.6	-206.9	441.0	8.492063492063494	4.571428571428571	4.142857142857143	661309.0	82.6	-206.9	1465.7142857142858	68.0	19694027.0	2020-10-19	397372.0
Bump Kowalski and the Ten Commandments	2020-10-12	0.0	0.0	92.0	0.0	3.7142857142857135	0.0	256.0	0.0	0.0	0.14285714285714285	36.57142857142857	413.28571428571433	2020-10-19	0.0
The Call	2020-10-12	108.2	-276.1	98.0	93.34845049130767	12.0	11.142857142857142	88555.0	108.2	-276.1	185.0	71.85714285714286	316854.71428571426	2020-10-19	63839.0
2 Hearts	2020-10-12	-37.1	0.0	6.0	5.229166666666666	2.4285714285714284	1.5714285714285714	522937.0	-37.1	0.0	721.2857142857142	44.14285714285715	160641.2857142857	2020-10-19	466255.0
No Escape	2020-10-12	38.7	-268.0	196.0	3.2575757575757582	29.42857142857143	27.857142857142854	5910.0	38.7	-268.0	33.142857142857146	29.42857142857143	159505.14285714287	2020-10-19	3221.0
My Brothers' Crossing	2020-10-12	-58.2	-256.3	166.0	0.0091728	15.0	15.285714285714285	306.0	-58.2	-256.3	1.7142857142857142	14.285714285714285	33879.28571428572	2020-10-19	0.0
Tulsa	2020-10-12	-4.0	-419.9	392.0	74.79843789367601	28.42857142857143	26.857142857142854	7685.0	-4.0	-419.9	69.57142857142857	18.142857142857142	404239.85714285716	2020-10-19	1753.0
Possessor	2020-10-12	-40.1	-300.9	98.0	1.92	8.857142857142858	7.7142857142857135	143954.0	-40.1	-300.9	253.7142857142857	87.7142857142857	596568.2857142857	2020-10-19	53946.0
She Dies Tomorrow	2020-10-12	154.4	-136.1	539.0	0.31	24.0	22.714285714285715	15482.0	154.4	-136.1	2.0	1105.4285714285713	366994.0	2020-10-19	10353.0
Shortcut	2020-10-12	0.6999999999999957	-501.5	147.0	51.96523053665914	17.285714285714285	16.285714285714285	28879.0	0.6999999999999957	-501.5	80.14285714285714	52.0	774196.7142857143	2020-10-19	5237.0
Love and Monsters	2020-10-12	-16.9	0.0	6.0	20.31746031746032	3.571428571428572	2.2857142857142856	270302.0	-16.9	0.0	165.85714285714286	99.71428571428572	81542.28571428571	2020-10-19	308776.0
Mermaid in Paris	2020-10-12	24.200000000000006	0.0	6.0	0.0100464	16.0	10.571428571428571	1202.0	24.200000000000006	0.0	4.285714285714286	16.857142857142858	334.7142857142857	2020-10-19	786.0
The Broken Hearts Gallery	2020-10-12	-117.6	-501.7000000000001	245.0	0.7808219178082191	12.714285714285715	11.571428571428573	60054.0	-117.6	-501.7000000000001	523.0	19.0	3986590.4285714286	2020-10-19	23776.0
Save Yourselves!	2020-10-12	-75.7	-456.1	98.0	0.0	15.142857142857142	13.714285714285715	39664.0	-75.7	-456.1	346.0	16.0	280679.85714285716	2020-10-19	3855.0
Shithouse	2020-10-12	-45.0	0.0	6.0	0.4521442622950821	13.428571428571427	8.428571428571429	5545.0	-45.0	0.0	12.0	28.0	1735.7142857142858	2020-10-19	9559.0
Lupin III: The First	2020-10-12	0.0	0.0	3.0	0.079872	1.1428571428571428	0.0	83295.0	0.0	0.0	59.714285714285715	28.42857142857143	11899.285714285714	2020-10-19	50890.0
Pray: The Story of Patrick Peyton	2020-10-12	83.9	-150.3	49.0	0.0200928	21.428571428571427	21.428571428571427	20385.0	83.9	-150.3	37.57142857142857	76.57142857142857	34824.857142857145	2020-10-19	11459.0
The New Mutants	2020-10-19	95.0	-279.3	392.0	5.199781061850028	6.571428571428571	5.857142857142858	425312.0	95.0	-279.3	1094.5714285714287	63.85714285714285	22920557.14285714	2020-10-26	243580.0
Pray: The Story of Patrick Peyton	2020-10-19	52.99999999999999	-268.70000000000005	98.0	0.019656	22.57142857142857	22.285714285714285	11459.0	52.99999999999999	-268.70000000000005	28.285714285714285	56.714285714285715	50560.0	2020-10-26	4331.0
Kajillionaire	2020-10-19	20.000000000000004	-242.3	106.0	2.0161290322580645	9.428571428571429	10.285714285714286	7440.0	20.000000000000004	-242.3	52.0	11.285714285714285	302084.2857142857	2020-10-26	0.0
Dreaming Grand Avenue	2020-10-19	41.9	2088.9	118.0	0.019656	20.0	14.857142857142858	964.0	41.9	2088.9	0.8571428571428571	118.85714285714286	4231.428571428572	2020-10-26	0.0
Unhinged	2020-10-19	116.6	-282.6	490.0	22.380952380952387	7.571428571428571	6.857142857142858	397372.0	116.6	-282.6	1117.0	56.14285714285714	20223003.42857143	2020-10-26	197986.0
The Broken Hearts Gallery	2020-10-19	31.300000000000004	-399.1	294.0	1.287671232876712	16.285714285714285	16.285714285714285	23776.0	31.300000000000004	-399.1	216.14285714285717	17.428571428571427	4020459.142857143	2020-10-26	11618.0
The Last Shift	2020-10-19	-15.20000000000001	-352.5	196.0	0.39	22.57142857142857	22.428571428571423	10493.0	-15.20000000000001	-352.5	34.714285714285715	73.0	635577.0	2020-10-26	3411.0
No Escape	2020-10-19	56.6	-301.6	245.0	3.712121212121212	31.285714285714285	31.714285714285715	3221.0	56.6	-301.6	19.714285714285715	26.57142857142857	164144.14285714287	2020-10-26	1742.0
Counter Column	2020-10-19	220.59999999999997	-171.1	49.0	0.059404800000000015	28.42857142857143	28.42857142857143	5236.0	220.59999999999997	-171.1	4.142857142857143	232.42857142857144	10094.714285714286	2020-10-26	2060.0
The Call	2020-10-19	108.59999999999998	-177.4	147.0	87.67951625094484	13.285714285714285	13.285714285714285	63839.0	108.59999999999998	-177.4	137.71428571428572	71.71428571428571	396337.85714285716	2020-10-26	47866.0
Save Yourselves!	2020-10-19	16.999999999999993	-237.4	57.0	0.0	8.714285714285714	9.571428571428571	3855.0	16.999999999999993	-237.4	148.28571428571428	1.2857142857142858	128399.71428571428	2020-10-26	0.0
She Dies Tomorrow	2020-10-19	152.7	-156.79999999999995	588.0	0.23000000000000004	24.142857142857146	25.42857142857143	10353.0	152.7	-156.79999999999995	2.0	739.4285714285713	380423.5714285714	2020-10-26	10909.0
Ava	2020-10-19	34.90000000000001	-339.7000000000001	196.0	89.3801965230537	17.714285714285715	17.857142857142858	19452.0	34.90000000000001	-339.7000000000001	46.714285714285715	110.85714285714286	472009.4285714286	2020-10-26	11810.0
The Personal History of David Copperfield	2020-10-19	-32.599999999999994	-136.5	218.0	0.18000000000000002	15.714285714285715	16.714285714285715	2273.0	-32.599999999999994	-136.5	36.57142857142857	4.857142857142857	1071644.142857143	2020-10-26	0.0
The Addams Family2020 Re-release	2020-10-19	26.999999999999996	0.0	6.0	0.0	4.142857142857143	2.8571428571428568	282841.0	26.999999999999996	0.0	560.1428571428571	30.57142857142857	80854.85714285714	2020-10-26	302696.0
Shithouse	2020-10-19	732.1	129.7	49.0	0.30074754098360656	27.857142857142854	29.142857142857146	9559.0	732.1	129.7	28.0	48.28571428571429	9084.42857142857	2020-10-26	2181.0
Words on Bathroom Walls	2020-10-19	-68.39999999999999	-474.9	441.0	0.6666666666666669	25.285714285714285	25.0	7085.0	-68.39999999999999	-474.9	46.714285714285715	25.714285714285715	2532074.4285714286	2020-10-26	2218.0
After We Collided	2020-10-19	-76.0	0.0	6.0	60.61587694240757	2.7142857142857144	1.5714285714285714	422899.0	-76.0	0.0	197.14285714285717	131.28571428571428	847144.0	2020-10-26	169429.0
A Call to Spy	2020-10-19	57.90000000000001	-248.4	147.0	0.8099999999999999	19.428571428571427	20.0	15944.0	57.90000000000001	-248.4	35.857142857142854	74.0	111770.14285714287	2020-10-26	10840.0
Shortcut	2020-10-19	71.30000000000003	-573.8	196.0	48.94179894179897	28.714285714285715	27.285714285714285	5237.0	71.30000000000003	-573.8	20.0	36.42857142857143	790533.1428571428	2020-10-26	0.0
Yellow Rose	2020-10-19	-117.5	-480.9	98.0	3.0744680851063837	14.571428571428573	13.428571428571427	38979.0	-117.5	-480.9	558.8571428571429	15.285714285714285	336835.0	2020-10-26	7485.0
2 Hearts	2020-10-19	176.8	-116.8	49.0	6.708333333333332	6.2857142857142865	5.571428571428571	466255.0	176.8	-116.8	1680.857142857143	39.142857142857146	736207.7142857143	2020-10-26	205570.0
The SpongeBob Movie: Sponge on the Run	2020-10-19	167.8	-69.1	490.0	0.4	14.428571428571427	14.428571428571427	44521.0	167.8	-69.1	115.14285714285714	61.42857142857143	4735516.0	2020-10-26	20611.0
The Nightmare Before Christmas2020 Re-release	2020-10-19	-18.4	-169.6	27.0	0.0	2.0	1.2857142857142858	577000.0	-18.4	-169.6	691.7142857142858	50.85714285714285	741428.5714285716	2020-10-26	386000.0
Bill & Ted Face the Music	2020-10-19	21.60000000000001	-176.4	218.0	0.17	13.428571428571427	15.142857142857142	3655.0	21.60000000000001	-176.4	24.0	12.142857142857142	1964618.7142857143	2020-10-26	0.0
Possessor	2020-10-19	-23.7	-439.7000000000001	147.0	1.03	13.285714285714285	13.142857142857142	53946.0	-23.7	-439.7000000000001	152.0	57.85714285714285	690018.1428571428	2020-10-26	30698.0
Stevie Nicks 24 Karat Gold the Concert	2020-10-19	878.6	0.0	15.0	0.0	6.0	5.428571428571429	404489.0	878.6	0.0	150.71428571428572	202.42857142857144	156382.42857142858	2020-10-26	5776.0
The War with Grandpa	2020-10-19	263.1	-249.9	98.0	3.6760563380281686	2.142857142857143	2.142857142857143	2489361.0	263.1	-249.9	2296.428571428572	152.57142857142858	8271362.142857143	2020-10-26	1728709.0
Infidel	2020-10-19	-10.499999999999991	-452.4	245.0	2.6190476190476195	13.142857142857142	12.714285714285715	53317.0	-10.499999999999991	-452.4	351.42857142857144	28.285714285714285	3998900.0	2020-10-26	19436.0
Honest Thief	2020-10-19	177.2	-102.8	98.0	10.578947368421057	1.0	1.0	3364941.0	177.2	-102.8	2458.0	193.28571428571428	5612916.571428572	2020-10-26	2078045.0
Lupin III: The First	2020-10-19	8116.6	-98.1	49.0	0.208416	23.57142857142857	21.428571428571427	50890.0	8116.6	-98.1	250.42857142857144	44.42857142857143	117437.28571428572	2020-10-26	2183.0
Love and Monsters	2020-10-19	139.1	-61.1	49.0	29.60317460317461	9.0	8.428571428571429	308776.0	139.1	-61.1	384.0	115.0	407337.1428571429	2020-10-26	194214.0
The Wolf of Snow Hollow	2020-10-19	-88.4	-565.6999999999998	98.0	1.23	20.428571428571427	18.857142857142858	14632.0	-88.4	-565.6999999999998	59.0	55.85714285714285	177463.0	2020-10-26	1786.0
Hocus Pocus2020 Re-release	2020-10-19	-19.3	-89.2	69.0	0.0	2.4285714285714284	1.5714285714285714	530000.0	-19.3	-89.2	547.2857142857143	59.14285714285714	1806857.1428571432	2020-10-26	456000.0
The Empty Man	2020-10-19	-23.9	0.0	6.0	5.511111111111112	1.2857142857142858	0.8571428571428571	1310326.0	-23.9	0.0	868.7142857142858	92.14285714285714	395433.4285714286	2020-10-26	974702.0
Henchmen2020 Re-release	2020-10-19	-25.599999999999994	-299.2000000000001	50.0	0.0	15.571428571428573	15.857142857142858	2276.0	-25.599999999999994	-299.2000000000001	49.714285714285715	3.571428571428572	27850.714285714286	2020-10-26	0.0
Monsters Inc.2020 Re-release	2020-10-19	-16.0	0.0	6.0	0.0	2.8571428571428568	1.8571428571428568	494000.0	-16.0	0.0	803.5714285714287	37.42857142857143	149142.85714285713	2020-10-26	232000.0
Mermaid in Paris	2020-10-19	-66.1	0.0	22.0	0.0091728	19.428571428571427	19.857142857142858	786.0	-66.1	0.0	5.7142857142857135	10.857142857142858	980.0	2020-10-26	0.0
Twiceborn	2020-10-19	131.6	-144.5	49.0	0.034507199999999995	30.285714285714285	30.714285714285715	4186.0	131.6	-144.5	8.285714285714286	68.0	7097.428571428572	2020-10-26	1004.0
Tulsa	2020-10-19	-37.5	-536.0	441.0	74.79843789367601	33.714285714285715	33.857142857142854	1753.0	-37.5	-536.0	24.857142857142854	13.857142857142858	408690.1428571429	2020-10-26	1260.0
Heaven	2020-10-19	-68.09999999999998	-503.9	147.0	89.9696528694397	28.142857142857146	26.714285714285715	5019.0	-68.09999999999998	-503.9	44.14285714285715	21.714285714285715	107273.0	2020-10-26	1159.0
The Kid Detective	2020-10-19	36.90000000000001	-101.7	49.0	1.11	10.0	9.428571428571429	162473.0	36.90000000000001	-101.7	861.5714285714287	26.57142857142857	223445.85714285716	2020-10-26	51554.0
The Addams Family2020 Re-release	2020-10-26	55.89999999999999	-97.8	49.0	0.0	6.142857142857142	6.428571428571429	302696.0	55.89999999999999	-97.8	1178.4285714285713	38.57142857142857	425723.0	2020-11-02	87471.0
The SpongeBob Movie: Sponge on the Run	2020-10-26	135.3	-367.69999999999993	539.0	0.43	16.571428571428573	16.428571428571427	20611.0	135.3	-367.69999999999993	91.42857142857143	32.142857142857146	4770038.857142857	2020-11-02	20332.0
The Call	2020-10-26	65.8	-131.4	169.0	71.80650037792898	12.285714285714285	10.142857142857142	47866.0	65.8	-131.4	83.14285714285714	80.57142857142857	390965.7142857143	2020-11-02	21864.0
Stevie Nicks 24 Karat Gold the Concert	2020-10-26	1461.2	0.0	13.0	0.0	5.142857142857143	4.142857142857143	5776.0	1461.2	0.0	4.857142857142857	35.285714285714285	116440.28571428572	2020-11-02	0.0
Alita: Battle Angel	2020-10-26	-34.3	0.0	1878.0	2.2051282051282053	4.857142857142857	3.2857142857142856	128000.0	-34.3	0.0	454.28571428571433	17.142857142857142	36771804.28571428	2020-11-02	0.0
2 Hearts	2020-10-26	49.5	-334.4000000000001	98.0	4.687500000000001	8.857142857142858	8.571428571428571	205570.0	49.5	-334.4000000000001	1342.0	25.285714285714285	1095889.5714285714	2020-11-02	102804.0
Infidel	2020-10-26	-35.2	-433.8	294.0	1.666666666666667	15.857142857142858	15.428571428571427	19436.0	-35.2	-433.8	139.28571428571428	26.0	4034506.7142857136	2020-11-02	5881.0
The Empty Man	2020-10-26	46.5	-168.29999999999995	49.0	6.955555555555555	3.4285714285714284	3.2857142857142856	974702.0	46.5	-168.29999999999995	2037.2857142857144	67.71428571428571	1798629.4285714286	2020-11-02	456799.0
After We Collided	2020-10-26	51.3	-217.5	49.0	57.916384446996716	11.0	10.0	169429.0	51.3	-217.5	496.8571428571428	47.14285714285714	2158470.5714285714	2020-11-02	99246.0
Words on Bathroom Walls	2020-10-26	-67.99999999999999	-466.0	490.0	0.5733333333333333	26.714285714285715	26.857142857142854	2218.0	-67.99999999999999	-466.0	16.714285714285715	20.571428571428573	2536123.1428571427	2020-11-02	2480.0
The Wolf of Snow Hollow	2020-10-26	46.10000000000001	-319.7000000000001	78.0	1.2000000000000002	13.571428571428573	14.571428571428573	1786.0	46.10000000000001	-319.7000000000001	10.857142857142858	13.142857142857142	105274.57142857145	2020-11-02	0.0
Love and Monsters	2020-10-26	65.2	-225.1	98.0	21.190476190476197	10.0	9.857142857142858	194214.0	65.2	-225.1	323.42857142857144	98.0	668073.1428571428	2020-11-02	154533.0
Shithouse	2020-10-26	-74.1	1331.7	50.0	0.1186622950819672	12.714285714285715	13.142857142857142	2181.0	-74.1	1331.7	16.0	10.857142857142858	9438.42857142857	2020-11-02	0.0
A Call to Spy	2020-10-26	108.7	-224.50000000000003	196.0	0.7000000000000001	19.714285714285715	20.0	10840.0	108.7	-224.50000000000003	24.142857142857146	64.85714285714286	124907.28571428572	2020-11-02	11237.0
Spell	2020-10-26	-23.700000000000006	0.0	6.0	50.390526581002796	3.7142857142857135	2.2857142857142856	206591.0	-23.700000000000006	0.0	158.14285714285714	79.85714285714286	62682.857142857145	2020-11-02	186303.0
Tulsa	2020-10-26	1890.5	-172.7	490.0	73.48618459729573	28.857142857142854	30.0	1260.0	1890.5	-172.7	9.571428571428571	19.571428571428573	409858.7142857143	2020-11-02	1566.0
Yellow Rose	2020-10-26	-51.00000000000002	-531.3	147.0	2.2127659574468086	20.428571428571427	19.714285714285715	7485.0	-51.00000000000002	-531.3	74.0	17.714285714285715	353743.7142857142	2020-11-02	7430.0
No Escape	2020-10-26	114.8	-314.7	294.0	4.393939393939394	28.857142857142854	29.285714285714285	1742.0	114.8	-314.7	11.428571428571427	25.42857142857143	166583.7142857143	2020-11-02	465.0
Ava	2020-10-26	0.9000000000000021	-238.3	245.0	91.45880574452005	18.857142857142858	18.857142857142858	11810.0	0.9000000000000021	-238.3	13.571428571428573	143.28571428571428	487970.7142857143	2020-11-02	4176.0
The War with Grandpa	2020-10-26	207.5	-170.3	147.0	3.605633802816901	2.2857142857142856	2.2857142857142856	1728709.0	207.5	-170.3	2353.5714285714284	104.28571428571428	10463193.285714284	2020-11-02	1930168.0
The Last Shift	2020-10-26	-15.4	-432.3	245.0	0.4	25.57142857142857	24.857142857142854	3411.0	-15.4	-432.3	13.0	37.0	642970.2857142857	2020-11-02	725.0
The Kid Detective	2020-10-26	-119.3	-426.6	98.0	0.51	13.714285714285715	13.142857142857142	51554.0	-119.3	-426.6	555.7142857142857	16.142857142857142	337892.5714285714	2020-11-02	8938.0
The Broken Hearts Gallery	2020-10-26	-29.2	-299.9000000000001	343.0	1.0	18.0	17.571428571428573	11618.0	-29.2	-299.9000000000001	126.0	14.142857142857142	4039270.2857142864	2020-11-02	15541.0
Monsters Inc.2020 Re-release	2020-10-26	-27.8	-158.2	27.0	0.0	3.1428571428571432	2.0	232000.0	-27.8	-158.2	530.1428571428571	26.714285714285715	282428.5714285714	2020-11-02	0.0
Heaven	2020-10-26	-10.899999999999988	-519.8	196.0	91.94390857503868	29.714285714285715	30.142857142857146	1159.0	-10.899999999999988	-519.8	12.0	15.285714285714285	109669.85714285713	2020-11-02	803.0
Unhinged	2020-10-26	41.8	-318.1	539.0	15.476190476190483	9.714285714285714	9.714285714285714	197986.0	41.8	-318.1	775.1428571428571	40.0	20531962.14285714	2020-11-02	129664.0
Counter Column	2020-10-26	2.8999999999999986	-373.8	98.0	0.039748800000000015	27.142857142857146	27.714285714285715	2060.0	2.8999999999999986	-373.8	5.571428571428571	53.0	13630.428571428569	2020-11-02	756.0
She Dies Tomorrow	2020-10-26	43.90000000000001	115.4	637.0	0.31	20.428571428571427	20.142857142857142	10909.0	43.90000000000001	115.4	1.5714285714285714	1241.7142857142858	391529.7142857143	2020-11-02	1595.0
Come Play	2020-10-26	-26.1	0.0	6.0	17.460317460317462	0.42857142857142855	0.2857142857142857	3119875.0	-26.1	0.0	935.5714285714287	204.0	948454.2857142857	2020-11-02	2605030.0
Possessor	2020-10-26	-49.7	-283.8	196.0	1.1	14.142857142857142	14.0	30698.0	-49.7	-283.8	97.14285714285714	44.714285714285715	733175.1428571428	2020-11-02	6318.0
Lupin III: The First	2020-10-26	-66.0	5.799999999999994	50.0	0.07488	12.285714285714285	12.142857142857142	2183.0	-66.0	5.799999999999994	15.428571428571427	11.285714285714285	77496.28571428571	2020-11-02	0.0
The New Mutants	2020-10-26	44.39999999999999	-269.4	441.0	4.469987228607919	7.2857142857142865	7.428571428571429	243580.0	44.39999999999999	-269.4	710.8571428571429	54.28571428571429	23267899.14285714	2020-11-02	191423.0
Pray: The Story of Patrick Peyton	2020-10-26	167.20000000000005	-422.9	147.0	0.019219200000000002	24.57142857142857	24.285714285714285	4331.0	167.20000000000005	-422.9	24.857142857142854	27.142857142857146	58336.714285714275	2020-11-02	4898.0
Bump Kowalski and the Ten Commandments	2020-10-26	0.0	0.0	110.0	0.0	3.8571428571428568	0.0	419.0	0.0	0.0	0.14285714285714285	59.85714285714285	473.1428571428572	2020-11-02	0.0
Hocus Pocus2020 Re-release	2020-10-26	-46.9	-38.40000000000001	90.0	0.0	2.142857142857143	1.4285714285714286	456000.0	-46.9	-38.40000000000001	484.28571428571433	57.42857142857143	2015714.2857142857	2020-11-02	0.0
The Nightmare Before Christmas2020 Re-release	2020-10-26	-36.9	-97.6	48.0	0.0	2.571428571428572	1.7142857142857142	386000.0	-36.9	-97.6	523.7142857142857	44.85714285714285	933000.0	2020-11-02	0.0
Honest Thief	2020-10-26	107.90000000000002	-237.8	147.0	7.578947368421053	1.5714285714285714	1.2857142857142858	2078045.0	107.90000000000002	-237.8	2441.142857142857	122.71428571428572	8436354.142857144	2020-11-02	1619272.0
Twiceborn	2020-10-26	-90.8	-401.8	98.0	0.036254400000000006	29.42857142857143	28.714285714285715	1004.0	-90.8	-401.8	7.0	19.0	10113.57142857143	2020-11-02	567.0
Tulsa	2020-11-02	2151.5	851.9	539.0	64.30041152263377	25.714285714285715	26.0	1566.0	2151.5	851.9	9.0	24.42857142857143	411307.4285714286	2020-11-09	1109.0
Unhinged	2020-11-02	49.09999999999999	-250.1	588.0	11.825396825396828	9.142857142857142	9.285714285714286	129664.0	49.09999999999999	-250.1	504.28571428571433	42.0	20695733.57142857	2020-11-09	60833.0
The War with Grandpa	2020-11-02	269.2	26.4	196.0	4.098591549295775	3.0	2.8571428571428568	1930168.0	269.2	26.4	2357.714285714286	116.71428571428572	12247639.0	2020-11-09	1814182.0
Toy Story2020 Re-release	2020-11-02	-7.699999999999997	0.0	6.0	0.0	2.142857142857143	1.4285714285714286	505000.0	-7.699999999999997	0.0	900.8571428571428	34.0	151428.57142857142	2020-11-09	222000.0
Words on Bathroom Walls	2020-11-02	254.7	383.5	314.0	0.3066666666666667	13.428571428571427	10.0	2480.0	254.7	383.5	5.428571428571429	38.42857142857143	1450517.5714285714	2020-11-09	2141.0
Twiceborn	2020-11-02	475.6	258.7	147.0	0.008736	27.142857142857146	28.0	567.0	475.6	258.7	2.142857142857143	63.28571428571429	10638.57142857143	2020-11-09	553.0
She Dies Tomorrow	2020-11-02	-33.2	-244.5	386.0	0.1	11.857142857142858	12.428571428571427	1595.0	-33.2	-244.5	0.5714285714285714	227.85714285714286	227508.42857142855	2020-11-09	0.0
The SpongeBob Movie: Sponge on the Run	2020-11-02	225.8	-26.0	588.0	2.06	14.857142857142858	15.142857142857142	20332.0	225.8	-26.0	73.85714285714286	47.0	4790470.571428572	2020-11-09	8092.0
The Addams Family2020 Re-release	2020-11-02	-106.39999999999998	-410.9	98.0	0.0	9.714285714285714	8.571428571428571	87471.0	-106.39999999999998	-410.9	621.2857142857142	25.285714285714285	648598.0	2020-11-09	5918.0
Spell	2020-11-02	132.3	-106.0	49.0	101.43265479882886	8.142857142857142	8.285714285714286	186303.0	132.3	-106.0	368.57142857142856	71.85714285714286	286962.0	2020-11-09	91819.0
Yellow Rose	2020-11-02	103.9	86.19999999999997	196.0	1.9468085106382975	19.428571428571427	20.142857142857142	7430.0	103.9	86.19999999999997	26.714285714285715	51.28571428571429	360029.4285714286	2020-11-09	3728.0
Pray: The Story of Patrick Peyton	2020-11-02	291.50000000000006	154.09999999999997	196.0	0.0078624	21.285714285714285	21.714285714285715	4898.0	291.50000000000006	154.09999999999997	18.428571428571427	36.57142857142857	62450.714285714275	2020-11-09	3742.0
Possessor	2020-11-02	-22.3	-257.8	134.0	1.85	8.0	8.571428571428571	6318.0	-22.3	-257.8	50.28571428571429	10.0	428450.5714285714	2020-11-09	0.0
No Escape	2020-11-02	-51.2	-115.2	190.0	1.833333333333333	13.571428571428573	14.428571428571427	465.0	-51.2	-115.2	4.571428571428571	8.0	95897.57142857145	2020-11-09	0.0
Love and Monsters	2020-11-02	136.10000000000002	-166.5	147.0	12.222222222222225	9.285714285714286	9.857142857142858	154533.0	136.10000000000002	-166.5	217.57142857142856	113.42857142857143	842207.2857142857	2020-11-09	120688.0
Let Him Go	2020-11-02	-34.9	0.0	6.0	12.38095238095238	0.42857142857142855	0.2857142857142857	4000470.0	-34.9	0.0	1051.7142857142858	232.57142857142856	1225728.5714285714	2020-11-09	2832430.0
The Broken Hearts Gallery	2020-11-02	296.3	296.4	392.0	0.9452054794520548	17.428571428571427	18.285714285714285	15541.0	296.3	296.4	157.42857142857142	11.857142857142858	4050212.4285714286	2020-11-09	6428.0
Infidel	2020-11-02	-25.4	-487.0	343.0	1.666666666666667	20.0	19.571428571428573	5881.0	-25.4	-487.0	52.28571428571429	18.285714285714285	4046591.7142857136	2020-11-09	1868.0
Heaven	2020-11-02	339.6	-204.6	245.0	84.32892228201399	26.57142857142857	26.857142857142854	803.0	339.6	-204.6	7.142857142857142	17.428571428571427	110571.14285714287	2020-11-09	220.0
Counter Column	2020-11-02	46.29999999999998	-420.1	147.0	0.06027840000000001	25.857142857142854	26.0	756.0	46.29999999999998	-420.1	5.0	21.428571428571427	14913.285714285714	2020-11-09	257.0
Come Play	2020-11-02	137.59999999999997	-128.3	49.0	21.269841269841283	1.4285714285714286	1.2857142857142858	2605030.0	137.59999999999997	-128.3	2183.0	170.14285714285714	4312316.428571428	2020-11-09	1564990.0
Ava	2020-11-02	-32.2	-109.9	162.0	48.7528344671202	9.142857142857142	9.714285714285714	4176.0	-32.2	-109.9	5.142857142857143	66.0	283504.71428571426	2020-11-09	0.0
After We Collided	2020-11-02	17.300000000000004	-281.3	98.0	28.712783814824643	11.285714285714285	11.714285714285715	99246.0	17.300000000000004	-281.3	459.8571428571428	34.714285714285715	2293328.1428571427	2020-11-09	33124.0
A Call to Spy	2020-11-02	196.6	-27.999999999999996	245.0	0.65	17.857142857142858	18.428571428571427	11237.0	196.6	-27.999999999999996	24.714285714285715	61.85714285714285	135407.0	2020-11-09	8056.0
2 Hearts	2020-11-02	26.999999999999986	-350.6	147.0	3.4791666666666665	11.0	11.0	102804.0	26.999999999999986	-350.6	673.2857142857142	28.285714285714285	1248121.2857142857	2020-11-09	39604.0
Honest Thief	2020-11-02	144.40000000000003	-182.2	196.0	6.789473684210527	2.8571428571428568	2.7142857142857144	1619272.0	144.40000000000003	-182.2	2298.714285714286	101.85714285714286	10273587.714285716	2020-11-09	1184504.0
The Call	2020-11-02	116.5	-246.1	213.0	76.9085411942555	11.714285714285715	9.285714285714286	21864.0	116.5	-246.1	56.14285714285714	52.85714285714285	424942.2857142858	2020-11-09	4960.0
Kindred	2020-11-02	-25.7	0.0	6.0	4.761904761904763	7.857142857142858	5.285714285714286	6795.0	-25.7	0.0	21.428571428571427	19.285714285714285	2034.571428571429	2020-11-09	1667.0
The Kid Detective	2020-11-02	-33.8	-558.5999999999998	147.0	0.30999999999999994	17.0	16.428571428571427	8938.0	-33.8	-558.5999999999998	115.42857142857143	11.571428571428573	359761.0	2020-11-09	955.0
The Empty Man	2020-11-02	67.99999999999997	-381.2	98.0	4.644444444444444	4.857142857142857	4.571428571428571	456799.0	67.99999999999997	-381.2	1704.7142857142858	44.57142857142857	2501131.4285714286	2020-11-09	179811.0
The New Mutants	2020-11-02	89.1	-176.39999999999995	490.0	10.034665207079	6.857142857142858	7.142857142857142	191423.0	89.1	-176.39999999999995	455.57142857142856	71.71428571428571	23480159.714285716	2020-11-09	154511.0
The Last Shift	2020-11-02	808.5000000000001	607.8000000000002	294.0	0.36000000000000004	26.285714285714285	26.857142857142854	725.0	808.5000000000001	607.8000000000002	13.0	7.571428571428571	644086.5714285715	2020-11-09	152122.0
The Informer	2020-11-02	-25.8	0.0	6.0	2.431578947368421	3.4285714285714284	2.2857142857142856	133475.0	-25.8	0.0	121.28571428571428	67.28571428571429	40237.142857142855	2020-11-09	115256.0
Yellow Rose	2020-11-09	-18.9	258.8	134.0	1.25531914893617	9.142857142857142	9.714285714285714	3728.0	-18.9	258.8	9.714285714285714	31.0	209386.85714285716	2020-11-16	0.0
Tulsa	2020-11-09	696.1	202.4	588.0	72.17393130091547	25.285714285714285	25.285714285714285	1109.0	696.1	202.4	7.7142857142857135	22.857142857142854	412792.1428571429	2020-11-16	0.0
Ammonite	2020-11-09	-14.0	0.0	6.0	3.980392156862745	5.571428571428571	3.8571428571428568	87552.0	-14.0	0.0	120.0	44.42857142857143	25689.42857142857	2020-11-16	23383.0
Honest Thief	2020-11-09	143.0	-155.2	245.0	6.815789473684211	4.285714285714286	4.142857142857143	1184504.0	143.0	-155.2	2056.714285714286	86.0	11724717.714285715	2020-11-16	642302.0
The Kid Detective	2020-11-09	-6.400000000000008	-337.9000000000001	106.0	0.21	12.714285714285715	12.428571428571427	955.0	-6.400000000000008	-337.9000000000001	36.57142857142857	1.8571428571428568	207886.85714285716	2020-11-16	0.0
Twiceborn	2020-11-09	566.4	1019.3	106.0	0.0	13.428571428571427	13.857142857142858	553.0	566.4	1019.3	0.5714285714285714	79.0	6417.857142857143	2020-11-16	0.0
Heaven	2020-11-09	-73.2	14.1	162.0	49.920465698717315	14.857142857142858	15.142857142857142	220.0	-73.2	14.1	3.4285714285714284	5.0	63521.42857142857	2020-11-16	0.0
The Call	2020-11-09	-60.19999999999998	-299.0	213.0	63.86999244142106	14.0	11.0	4960.0	-60.19999999999998	-299.0	23.714285714285715	21.428571428571427	366534.2857142858	2020-11-16	1014.0
Guardians of the Galaxy2020 Re-release	2020-11-09	3.3999999999999986	0.0	6.0	0.0	2.571428571428572	1.7142857142857142	406000.0	3.3999999999999986	0.0	668.5714285714286	36.857142857142854	119571.42857142855	2020-11-16	136000.0
Freaky	2020-11-09	-54.7	0.0	6.0	18.51851851851853	0.42857142857142855	0.2857142857142857	3600355.0	-54.7	0.0	1059.4285714285713	207.85714285714286	1138727.142857143	2020-11-16	2053090.0
Elf2020 Re-release	2020-11-09	-21.700000000000006	0.0	6.0	0.0	4.0	2.571428571428572	170000.0	-21.700000000000006	0.0	128.57142857142858	80.71428571428571	53386.285714285725	2020-11-16	180000.0
Bump Kowalski and the Ten Commandments	2020-11-09	0.0	0.0	124.0	0.0	3.571428571428572	0.0	378.0	0.0	0.0	0.14285714285714285	54.0	527.1428571428571	2020-11-16	0.0
Counter Column	2020-11-09	-270.6	-431.6	196.0	0.018782400000000005	27.0	27.0	257.0	-270.6	-431.6	3.2857142857142856	13.571428571428573	15407.285714285714	2020-11-16	25.0
Unhinged	2020-11-09	-24.5	-333.7000000000001	637.0	13.015873015873018	13.285714285714285	12.285714285714285	60833.0	-24.5	-333.7000000000001	289.14285714285717	35.0	20795955.285714287	2020-11-16	0.0
The Last Shift	2020-11-09	49849.2	181056.2	343.0	0.35	18.142857142857142	21.142857142857142	152122.0	49849.2	181056.2	65.28571428571429	163.42857142857142	686086.8571428572	2020-11-16	237863.0
Come Away	2020-11-09	16.1	0.0	6.0	4.886792452830188	4.714285714285714	3.1428571428571432	106084.0	16.1	0.0	203.57142857142856	31.57142857142857	30661.285714285717	2020-11-16	59472.0
Infidel	2020-11-09	-142.8	-474.4	392.0	1.8253968253968256	22.857142857142854	22.142857142857146	1868.0	-142.8	-474.4	20.142857142857142	13.714285714285715	4050473.7142857136	2020-11-16	103.0
Kindred	2020-11-09	-73.80000000000003	0.0	22.0	6.50793650793651	10.857142857142858	10.571428571428571	1667.0	-73.80000000000003	0.0	28.57142857142857	4.571428571428571	4478.857142857143	2020-11-16	0.0
The SpongeBob Movie: Sponge on the Run	2020-11-09	369.3	167.39999999999995	358.0	1.28	8.571428571428571	8.428571428571429	8092.0	369.3	167.39999999999995	31.42857142857143	20.857142857142858	2746887.8571428573	2020-11-16	0.0
Let Him Go	2020-11-09	114.99999999999996	-169.7	49.0	11.349206349206352	1.4285714285714286	1.2857142857142858	2832430.0	114.99999999999996	-169.7	2455.714285714286	164.28571428571428	5386378.571428572	2020-11-16	1110540.0
The Broken Hearts Gallery	2020-11-09	88.1	-143.10000000000005	441.0	1.2739726027397258	18.857142857142858	18.0	6428.0	88.1	-143.10000000000005	249.85714285714286	3.1428571428571432	4063218.857142857	2020-11-16	1273.0
The Addams Family2020 Re-release	2020-11-09	-74.1	-368.7000000000001	78.0	0.0	7.857142857142858	8.0	5918.0	-74.1	-368.7000000000001	61.14285714285714	7.7142857142857135	386771.1428571429	2020-11-16	0.0
The Empty Man	2020-11-09	-25.90000000000001	-373.3	147.0	2.5555555555555562	8.714285714285714	7.571428571428571	179811.0	-25.90000000000001	-373.3	927.1428571428572	33.714285714285715	2845108.0	2020-11-16	44281.0
2 Hearts	2020-11-09	-22.300000000000004	-413.4	196.0	3.4375000000000004	14.714285714285715	13.714285714285715	39604.0	-22.300000000000004	-413.4	280.0	24.57142857142857	1320277.7142857143	2020-11-16	8781.0
Spell	2020-11-09	43.7	-281.6	98.0	103.38745970929884	12.428571428571427	11.285714285714285	91819.0	43.7	-281.6	278.42857142857144	63.0	439034.7142857143	2020-11-16	15391.0
After We Collided	2020-11-09	-23.39999999999999	-445.90000000000015	147.0	21.350531554613195	15.285714285714285	14.285714285714285	33124.0	-23.39999999999999	-445.90000000000015	257.57142857142856	23.142857142857146	2361676.285714286	2020-11-16	6047.0
Pray: The Story of Patrick Peyton	2020-11-09	666.2	-170.4	245.0	0.0	22.857142857142854	22.857142857142854	3742.0	666.2	-170.4	19.0	27.57142857142857	66909.85714285714	2020-11-16	1494.0
Toy Story2020 Re-release	2020-11-09	18.1	-167.2	27.0	0.0	3.571428571428572	2.2857142857142856	222000.0	18.1	-167.2	582.8571428571429	23.142857142857146	281142.85714285716	2020-11-16	0.0
True to the Game 2	2020-11-09	18.4	0.0	27.0	2.21	3.0	2.0	287819.0	18.4	0.0	120.42857142857143	146.14285714285714	220124.85714285716	2020-11-16	161016.0
Come Play	2020-11-09	190.9	-273.9	98.0	20.000000000000004	2.8571428571428568	2.571428571428572	1564990.0	190.9	-273.9	2090.0	109.71428571428572	6437042.142857143	2020-11-16	777275.0
The Informer	2020-11-09	6.999999999999992	-163.70000000000005	49.0	4.063157894736842	10.857142857142858	9.714285714285714	115256.0	6.999999999999992	-163.70000000000005	233.7142857142857	79.0	194180.7142857143	2020-11-16	37442.0
A Call to Spy	2020-11-09	286.5	-137.2	294.0	0.6100000000000001	18.714285714285715	18.142857142857142	8056.0	286.5	-137.2	18.857142857142858	100.57142857142857	145957.7142857143	2020-11-16	2168.0
Love and Monsters	2020-11-09	118.70000000000002	-118.2	196.0	9.206349206349207	10.571428571428571	9.857142857142858	120688.0	118.70000000000002	-118.2	156.42857142857142	120.0	985460.1428571428	2020-11-16	22201.0
The War with Grandpa	2020-11-09	324.9	53.10000000000001	245.0	4.056338028169014	3.1428571428571432	3.1428571428571432	1814182.0	324.9	53.10000000000001	2261.0	117.57142857142857	14163228.285714285	2020-11-16	973453.0
The New Mutants	2020-11-09	55.20000000000001	-54.90000000000001	539.0	15.416894727239557	9.285714285714286	8.428571428571429	154511.0	55.20000000000001	-54.90000000000001	279.0	85.57142857142857	23664840.0	2020-11-16	73449.0
Words on Bathroom Walls	2020-11-09	-12.399999999999993	11.699999999999989	588.0	1.9466666666666668	22.714285714285715	22.428571428571423	2141.0	-12.399999999999993	11.699999999999989	6.857142857142858	41.57142857142857	2541307.1428571427	2020-11-16	150.0
A Call to Spy	2020-11-16	29.39999999999999	-93.2	190.0	0.16	8.571428571428571	9.714285714285714	2168.0	29.39999999999999	-93.2	4.571428571428571	38.42857142857143	86309.42857142858	2020-11-23	0.0
Ammonite	2020-11-16	9.0	-219.8	27.0	1.7254901960784312	7.428571428571429	5.142857142857143	23383.0	9.0	-219.8	77.14285714285714	18.285714285714285	44192.285714285725	2020-11-23	0.0
The New Mutants	2020-11-16	6.9999999999999885	-358.7	588.0	16.23791278963693	10.571428571428571	10.428571428571429	73449.0	6.9999999999999885	-358.7	167.85714285714286	77.28571428571429	23776417.714285716	2020-11-23	0.0
2 Hearts	2020-11-16	8.399999999999991	-538.8000000000002	245.0	3.020833333333333	16.428571428571427	16.285714285714285	8781.0	8.399999999999991	-538.8000000000002	107.71428571428572	14.714285714285715	1341672.2857142857	2020-11-23	0.0
Buddy Games	2020-11-16	-32.0	0.0	6.0	1.46	5.0	3.2857142857142856	150497.0	-32.0	0.0	171.85714285714286	53.42857142857143	45848.0	2020-11-23	0.0
The Last Vermeer	2020-11-16	-32.7	0.0	6.0	1.72	3.571428571428572	2.4285714285714284	225691.0	-32.7	0.0	390.8571428571428	35.285714285714285	68503.85714285714	2020-11-23	0.0
After We Collided	2020-11-16	-97.4	-564.4	196.0	16.687771789812615	17.428571428571427	17.0	6047.0	-97.4	-564.4	93.85714285714286	13.285714285714285	2380682.8571428573	2020-11-23	0.0
Come Away	2020-11-16	134.10000000000002	-197.0	49.0	6.867924528301888	11.714285714285715	11.142857142857142	59472.0	134.10000000000002	-197.0	384.57142857142856	26.0	135697.42857142858	2020-11-23	0.0
The Santa Clause2020 Re-release	2020-11-16	-10.200000000000003	0.0	6.0	0.0	2.2857142857142856	1.4285714285714286	461000.0	-10.200000000000003	0.0	677.5714285714286	41.57142857142857	137857.14285714287	2020-11-23	0.0
Words on Bathroom Walls	2020-11-16	38.09999999999997	-632.8	637.0	1.7866666666666666	22.0	22.142857142857146	150.0	38.09999999999997	-632.8	2.7142857142857144	11.428571428571427	2542435.5714285714	2020-11-23	0.0
The Call	2020-11-16	-47.2	-411.1	343.0	89.00226757369619	20.428571428571427	20.428571428571427	1014.0	-47.2	-411.1	14.0	12.857142857142858	515823.5714285714	2020-11-23	0.0
Come Play	2020-11-16	166.0	-359.9000000000001	147.0	18.095238095238102	4.285714285714286	4.285714285714286	777275.0	166.0	-359.9000000000001	1708.0	74.28571428571429	7625119.285714285	2020-11-23	0.0
The Broken Hearts Gallery	2020-11-16	-77.3	-219.3	274.0	0.5753424657534246	9.142857142857142	10.0	1273.0	-77.3	-219.3	136.57142857142858	0.5714285714285714	2323986.5714285714	2020-11-23	0.0
Spell	2020-11-16	23.200000000000014	-227.1	78.0	64.07416095429234	6.2857142857142865	7.571428571428571	15391.0	23.200000000000014	-227.1	90.85714285714286	13.571428571428573	282168.71428571426	2020-11-23	0.0
The Empty Man	2020-11-16	46.00000000000002	-527.8	196.0	1.3333333333333337	13.571428571428573	13.142857142857142	44281.0	46.00000000000002	-527.8	375.71428571428567	22.714285714285715	2944382.4285714286	2020-11-23	0.0
The Forgotten Carols	2020-11-16	-101.5	0.0	6.0	0.07032479999999999	6.142857142857142	3.571428571428572	103393.0	-101.5	0.0	24.857142857142854	254.42857142857144	36161.0	2020-11-23	0.0
Pray: The Story of Patrick Peyton	2020-11-16	425.9	-263.7	294.0	0.0091728	19.714285714285715	19.428571428571427	1494.0	425.9	-263.7	16.0	14.571428571428573	69961.71428571429	2020-11-23	0.0
True to the Game 2	2020-11-16	14.999999999999995	-132.2	48.0	1.2	4.857142857142857	3.4285714285714284	161016.0	14.999999999999995	-132.2	92.57142857142857	106.14285714285714	339400.71428571426	2020-11-23	0.0
The War with Grandpa	2020-11-16	249.1	-313.6	294.0	3.014084507042253	3.2857142857142856	3.4285714285714284	973453.0	249.1	-313.6	1949.142857142857	77.85714285714286	15617239.857142854	2020-11-23	0.0
Love and Monsters	2020-11-16	-70.5	-194.1	134.0	4.206349206349207	5.142857142857143	5.857142857142858	22201.0	-70.5	-194.1	73.71428571428571	24.285714285714285	607283.0	2020-11-23	0.0
The Last Shift	2020-11-16	4.899999999999995	319107.4	218.0	0.19	2.2857142857142856	2.8571428571428568	237863.0	4.899999999999995	319107.4	77.14285714285714	251.42857142857144	549015.4285714285	2020-11-23	0.0
Let Him Go	2020-11-16	103.20000000000002	-427.7000000000001	98.0	6.349206349206351	2.2857142857142856	2.142857142857143	1110540.0	103.20000000000002	-427.7000000000001	2221.8571428571427	76.14285714285714	7355922.857142857	2020-11-23	0.0
Infidel	2020-11-16	-47.2	-371.9	246.0	1.031746031746032	11.285714285714285	12.285714285714285	103.0	-47.2	-371.9	4.0	2.0	2314920.285714286	2020-11-23	0.0
Honest Thief	2020-11-16	142.5	-325.2999999999999	294.0	5.526315789473684	5.571428571428571	5.571428571428571	642302.0	142.5	-325.2999999999999	1590.571428571429	65.71428571428571	12649707.57142857	2020-11-23	0.0
Gekijouban Fate/Stay Night: Heaven's Feel - III. Spring Song	2020-11-16	-27.0	0.0	12.0	0.0	4.0	2.4285714285714284	200000.0	-27.0	0.0	130.28571428571428	93.85714285714286	61428.57142857143	2020-11-23	0.0
Freaky	2020-11-16	64.2	-189.3	49.0	19.84126984126985	1.0	1.0	2053090.0	64.2	-189.3	2294.142857142857	133.14285714285714	4604850.0	2020-11-23	0.0
Embattled	2020-11-16	-62.0	0.0	6.0	1.31	8.428571428571429	5.571428571428571	15141.0	-62.0	0.0	29.142857142857146	31.57142857142857	4853.285714285715	2020-11-23	0.0
Elf2020 Re-release	2020-11-16	22.5	33.0	27.0	0.0	4.428571428571429	3.1428571428571432	180000.0	22.5	33.0	111.0	99.14285714285714	125814.85714285714	2020-11-23	0.0
Counter Column	2020-11-16	-100.0	-240.5	134.0	0.018782400000000005	11.714285714285715	12.857142857142858	25.0	-100.0	-240.5	0.5714285714285714	3.571428571428572	8863.0	2020-11-23	0.0
Vanguard	2020-11-16	-15.5	0.0	6.0	19.463340891912328	3.0	2.0	380428.0	-15.5	0.0	589.2857142857142	39.285714285714285	112981.28571428572	2020-11-23	0.0
The Informer	2020-11-16	-58.20000000000002	-457.5	98.0	2.263157894736842	13.857142857142858	13.428571428571427	37442.0	-58.20000000000002	-457.5	123.0	53.714285714285715	270363.71428571426	2020-11-23	0.0
Guardians of the Galaxy2020 Re-release	2020-11-16	9.9	-199.7	27.0	0.0	5.571428571428571	3.7142857142857135	136000.0	9.9	-199.7	349.28571428571433	23.714285714285715	213857.1428571429	2020-11-23	0.0
